timestamp,avenida,velocidad_kmh,densidad_veh_km,flujo_veh_h,espera_seg,detenciones,anomalia,fuente
2026-09-05T00:00:00,Av. Chapultepec,50.21,64.96,195,143,0,no,sintético_calibrado
2026-09-05T00:10:00,Av. Chapultepec,51.84,67.92,211,136,0,no,sintético_calibrado
2026-09-05T00:20:00,Av. Chapultepec,52.86,63.39,201,100,1,no,sintético_calibrado
2026-09-05T00:30:00,Av. Chapultepec,43.32,73.62,191,159,1,no,sintético_calibrado
2026-09-05T00:40:00,Av. Chapultepec,45.51,69.8,190,154,0,no,sintético_calibrado
2026-09-05T00:50:00,Av. Chapultepec,43.69,68.19,178,135,0,no,sintético_calibrado
2026-09-05T01:00:00,Av. Chapultepec,57.8,65.27,226,109,1,no,sintético_calibrado
2026-09-05T01:10:00,Av. Chapultepec,49.49,66.38,197,140,1,no,sintético_calibrado
2026-09-05T01:20:00,Av. Chapultepec,46.68,60.97,170,138,3,no,sintético_calibrado
2026-09-05T01:30:00,Av. Chapultepec,48.04,65.68,189,113,0,no,sintético_calibrado
2026-09-05T01:40:00,Av. Chapultepec,46.77,66.83,187,135,0,no,sintético_calibrado
2026-09-05T01:50:00,Av. Chapultepec,50.14,62.75,188,123,0,no,sintético_calibrado
2026-09-05T02:00:00,Av. Chapultepec,58.67,56.65,199,104,0,no,sintético_calibrado
2026-09-05T02:10:00,Av. Chapultepec,47.42,70.53,200,133,0,no,sintético_calibrado
2026-09-05T02:20:00,Av. Chapultepec,54.78,58.42,192,120,1,no,sintético_calibrado
2026-09-05T02:30:00,Av. Chapultepec,50.44,65.12,197,122,0,no,sintético_calibrado
2026-09-05T02:40:00,Av. Chapultepec,50.18,68.32,205,136,0,no,sintético_calibrado
2026-09-05T02:50:00,Av. Chapultepec,58.81,63.07,222,115,0,no,sintético_calibrado
2026-09-05T03:00:00,Av. Chapultepec,53.46,58.25,186,111,0,no,sintético_calibrado
2026-09-05T03:10:00,Av. Chapultepec,40.9,67.24,165,144,0,no,sintético_calibrado
2026-09-05T03:20:00,Av. Chapultepec,48.39,62.47,181,148,1,no,sintético_calibrado
2026-09-05T03:30:00,Av. Chapultepec,44.37,67.91,180,156,1,no,sintético_calibrado
2026-09-05T03:40:00,Av. Chapultepec,59.42,53.46,190,86,0,no,sintético_calibrado
2026-09-05T03:50:00,Av. Chapultepec,47.64,69.96,199,128,2,no,sintético_calibrado
2026-09-05T04:00:00,Av. Chapultepec,50.4,60.54,183,111,0,no,sintético_calibrado
2026-09-05T04:10:00,Av. Chapultepec,50.58,63.4,192,129,0,no,sintético_calibrado
2026-09-05T04:20:00,Av. Chapultepec,46.73,72.16,202,114,0,no,sintético_calibrado
2026-09-05T04:30:00,Av. Chapultepec,43.7,66.38,174,123,2,no,sintético_calibrado
2026-09-05T04:40:00,Av. Chapultepec,49.61,63.51,189,109,0,no,sintético_calibrado
2026-09-05T04:50:00,Av. Chapultepec,45.77,70.47,193,115,1,no,sintético_calibrado
2026-09-05T05:00:00,Av. Chapultepec,52.03,64.37,200,121,2,no,sintético_calibrado
2026-09-05T05:10:00,Av. Chapultepec,52.94,61.25,194,123,0,no,sintético_calibrado
2026-09-05T05:20:00,Av. Chapultepec,56.7,57.39,195,125,0,no,sintético_calibrado
2026-09-05T05:30:00,Av. Chapultepec,53.93,62.92,203,114,0,no,sintético_calibrado
2026-09-05T05:40:00,Av. Chapultepec,40.02,66.22,159,159,0,no,sintético_calibrado
2026-09-05T05:50:00,Av. Chapultepec,54.67,63.24,207,94,0,no,sintético_calibrado
2026-09-05T06:00:00,Av. Chapultepec,48.32,67.92,196,135,1,no,sintético_calibrado
2026-09-05T06:10:00,Av. Chapultepec,52.04,63.11,197,135,0,no,sintético_calibrado
2026-09-05T06:20:00,Av. Chapultepec,46.13,69.65,192,140,0,no,sintético_calibrado
2026-09-05T06:30:00,Av. Chapultepec,48.62,69.64,203,129,0,no,sintético_calibrado
2026-09-05T06:40:00,Av. Chapultepec,42.96,71.24,183,129,2,no,sintético_calibrado
2026-09-05T06:50:00,Av. Chapultepec,43.03,73.46,189,134,0,no,sintético_calibrado
2026-09-05T07:00:00,Av. Chapultepec,48.97,68.09,200,137,1,no,sintético_calibrado
2026-09-05T07:10:00,Av. Chapultepec,61.11,41.43,151,108,0,no,sintético_calibrado
2026-09-05T07:20:00,Av. Chapultepec,37.86,72.75,165,144,5,no,sintético_calibrado
2026-09-05T07:30:00,Av. Chapultepec,48.66,62.69,183,130,0,no,sintético_calibrado
2026-09-05T07:40:00,Av. Chapultepec,51.96,68.31,212,136,1,no,sintético_calibrado
2026-09-05T07:50:00,Av. Chapultepec,55.63,56.19,187,97,3,no,sintético_calibrado
2026-09-05T08:00:00,Av. Chapultepec,59.52,61.46,219,94,0,no,sintético_calibrado
2026-09-05T08:10:00,Av. Chapultepec,51.71,62.28,193,134,0,no,sintético_calibrado
2026-09-05T08:20:00,Av. Chapultepec,37.72,76.44,173,167,3,no,sintético_calibrado
2026-09-05T08:30:00,Av. Chapultepec,51.3,66.8,205,117,4,no,sintético_calibrado
2026-09-05T08:40:00,Av. Chapultepec,66.91,59.08,237,95,0,no,sintético_calibrado
2026-09-05T08:50:00,Av. Chapultepec,42.07,67.05,169,133,0,no,sintético_calibrado
2026-09-05T09:00:00,Av. Chapultepec,41.57,67.2,167,132,1,no,sintético_calibrado
2026-09-05T09:10:00,Av. Chapultepec,47.07,65.91,186,143,0,no,sintético_calibrado
2026-09-05T09:20:00,Av. Chapultepec,50.37,64.33,194,126,0,no,sintético_calibrado
2026-09-05T09:30:00,Av. Chapultepec,51.29,66.71,205,116,0,no,sintético_calibrado
2026-09-05T09:40:00,Av. Chapultepec,55.52,67.95,226,130,0,no,sintético_calibrado
2026-09-05T09:50:00,Av. Chapultepec,44.7,72.81,195,141,1,no,sintético_calibrado
2026-09-05T10:00:00,Av. Chapultepec,66.02,52.77,209,101,1,no,sintético_calibrado
2026-09-05T10:10:00,Av. Chapultepec,64.42,46.66,180,100,2,no,sintético_calibrado
2026-09-05T10:20:00,Av. Chapultepec,61.0,58.76,215,106,1,no,sintético_calibrado
2026-09-05T10:30:00,Av. Chapultepec,57.69,64.54,223,90,0,no,sintético_calibrado
2026-09-05T10:40:00,Av. Chapultepec,62.79,49.07,184,89,4,no,sintético_calibrado
2026-09-05T10:50:00,Av. Chapultepec,67.59,59.52,241,99,1,no,sintético_calibrado
2026-09-05T11:00:00,Av. Chapultepec,49.94,64.62,193,111,0,no,sintético_calibrado
2026-09-05T11:10:00,Av. Chapultepec,61.4,52.69,194,113,1,no,sintético_calibrado
2026-09-05T11:20:00,Av. Chapultepec,54.66,62.89,206,123,1,no,sintético_calibrado
2026-09-05T11:30:00,Av. Chapultepec,56.77,59.92,204,119,0,no,sintético_calibrado
2026-09-05T11:40:00,Av. Chapultepec,55.08,60.83,201,101,0,no,sintético_calibrado
2026-09-05T11:50:00,Av. Chapultepec,54.57,62.26,203,111,0,no,sintético_calibrado
2026-09-05T12:00:00,Av. Chapultepec,59.17,55.12,195,115,0,no,sintético_calibrado
2026-09-05T12:10:00,Av. Chapultepec,58.76,57.19,201,107,0,no,sintético_calibrado
2026-09-05T12:20:00,Av. Chapultepec,50.63,68.97,209,131,0,no,sintético_calibrado
2026-09-05T12:30:00,Av. Chapultepec,65.46,55.28,217,102,0,no,sintético_calibrado
2026-09-05T12:40:00,Av. Chapultepec,60.26,59.65,215,106,0,no,sintético_calibrado
2026-09-05T12:50:00,Av. Chapultepec,52.37,55.74,175,135,3,no,sintético_calibrado
2026-09-05T13:00:00,Av. Chapultepec,67.89,53.19,216,60,0,no,sintético_calibrado
2026-09-05T13:10:00,Av. Chapultepec,64.25,52.25,201,96,1,no,sintético_calibrado
2026-09-05T13:20:00,Av. Chapultepec,56.28,61.4,207,102,0,no,sintético_calibrado
2026-09-05T13:30:00,Av. Chapultepec,64.67,57.5,223,79,1,no,sintético_calibrado
2026-09-05T13:40:00,Av. Chapultepec,56.4,66.35,224,91,0,no,sintético_calibrado
2026-09-05T13:50:00,Av. Chapultepec,63.43,50.0,190,82,0,no,sintético_calibrado
2026-09-05T14:00:00,Av. Chapultepec,53.15,61.52,196,103,0,no,sintético_calibrado
2026-09-05T14:10:00,Av. Chapultepec,55.85,55.68,186,115,1,no,sintético_calibrado
2026-09-05T14:20:00,Av. Chapultepec,62.44,58.93,220,104,0,no,sintético_calibrado
2026-09-05T14:30:00,Av. Chapultepec,54.53,70.17,229,132,1,no,sintético_calibrado
2026-09-05T14:40:00,Av. Chapultepec,58.02,55.29,192,85,0,no,sintético_calibrado
2026-09-05T14:50:00,Av. Chapultepec,56.12,55.55,187,116,0,no,sintético_calibrado
2026-09-05T15:00:00,Av. Chapultepec,57.78,65.27,226,122,0,no,sintético_calibrado
2026-09-05T15:10:00,Av. Chapultepec,59.31,53.46,190,90,1,no,sintético_calibrado
2026-09-05T15:20:00,Av. Chapultepec,63.52,54.67,208,95,2,no,sintético_calibrado
2026-09-05T15:30:00,Av. Chapultepec,58.19,61.54,214,120,5,no,sintético_calibrado
2026-09-05T15:40:00,Av. Chapultepec,57.96,58.24,202,122,1,no,sintético_calibrado
2026-09-05T15:50:00,Av. Chapultepec,63.11,57.13,216,75,0,no,sintético_calibrado
2026-09-05T16:00:00,Av. Chapultepec,64.45,57.08,220,102,0,no,sintético_calibrado
2026-09-05T16:10:00,Av. Chapultepec,73.15,43.31,190,62,0,no,sintético_calibrado
2026-09-05T16:20:00,Av. Chapultepec,59.31,53.94,191,96,0,no,sintético_calibrado
2026-09-05T16:30:00,Av. Chapultepec,69.48,47.27,197,62,1,no,sintético_calibrado
2026-09-05T16:40:00,Av. Chapultepec,67.92,60.77,247,84,0,no,sintético_calibrado
2026-09-05T16:50:00,Av. Chapultepec,58.34,61.06,213,101,0,no,sintético_calibrado
2026-09-05T17:00:00,Av. Chapultepec,64.01,57.34,220,92,0,no,sintético_calibrado
2026-09-05T17:10:00,Av. Chapultepec,67.23,60.37,243,99,0,no,sintético_calibrado
2026-09-05T17:20:00,Av. Chapultepec,69.19,50.28,208,88,0,no,sintético_calibrado
2026-09-05T17:30:00,Av. Chapultepec,62.58,63.52,238,85,1,no,sintético_calibrado
2026-09-05T17:40:00,Av. Chapultepec,73.84,45.52,201,57,0,no,sintético_calibrado
2026-09-05T17:50:00,Av. Chapultepec,51.77,62.53,194,127,0,no,sintético_calibrado
2026-09-05T18:00:00,Av. Chapultepec,55.9,59.89,200,105,0,no,sintético_calibrado
2026-09-05T18:10:00,Av. Chapultepec,62.34,49.59,185,90,0,no,sintético_calibrado
2026-09-05T18:20:00,Av. Chapultepec,55.0,48.2,159,117,2,no,sintético_calibrado
2026-09-05T18:30:00,Av. Chapultepec,57.91,63.86,221,92,1,no,sintético_calibrado
2026-09-05T18:40:00,Av. Chapultepec,70.54,56.58,239,70,1,no,sintético_calibrado
2026-09-05T18:50:00,Av. Chapultepec,50.61,58.59,177,129,2,no,sintético_calibrado
2026-09-05T19:00:00,Av. Chapultepec,56.4,55.72,188,109,0,no,sintético_calibrado
2026-09-05T19:10:00,Av. Chapultepec,63.1,53.28,201,82,0,no,sintético_calibrado
2026-09-05T19:20:00,Av. Chapultepec,60.86,56.86,207,87,1,no,sintético_calibrado
2026-09-05T19:30:00,Av. Chapultepec,64.39,60.1,232,101,0,no,sintético_calibrado
2026-09-05T19:40:00,Av. Chapultepec,60.52,56.03,203,101,0,no,sintético_calibrado
2026-09-05T19:50:00,Av. Chapultepec,65.0,50.49,196,87,0,no,sintético_calibrado
2026-09-05T20:00:00,Av. Chapultepec,63.94,46.17,177,84,5,no,sintético_calibrado
2026-09-05T20:10:00,Av. Chapultepec,54.03,61.96,200,128,0,no,sintético_calibrado
2026-09-05T20:20:00,Av. Chapultepec,60.13,61.39,221,82,0,no,sintético_calibrado
2026-09-05T20:30:00,Av. Chapultepec,58.62,68.47,240,96,0,no,sintético_calibrado
2026-09-05T20:40:00,Av. Chapultepec,61.18,55.64,204,80,2,no,sintético_calibrado
2026-09-05T20:50:00,Av. Chapultepec,65.41,56.13,220,105,2,no,sintético_calibrado
2026-09-05T21:00:00,Av. Chapultepec,60.91,54.22,198,82,1,no,sintético_calibrado
2026-09-05T21:10:00,Av. Chapultepec,53.08,56.71,180,128,0,no,sintético_calibrado
2026-09-05T21:20:00,Av. Chapultepec,62.08,50.3,187,89,0,no,sintético_calibrado
2026-09-05T21:30:00,Av. Chapultepec,56.85,60.58,206,87,0,no,sintético_calibrado
2026-09-05T21:40:00,Av. Chapultepec,51.56,63.57,196,125,1,no,sintético_calibrado
2026-09-05T21:50:00,Av. Chapultepec,64.87,51.92,202,95,1,no,sintético_calibrado
2026-09-05T22:00:00,Av. Chapultepec,53.74,59.73,192,97,3,no,sintético_calibrado
2026-09-05T22:10:00,Av. Chapultepec,57.18,62.4,214,101,1,no,sintético_calibrado
2026-09-05T22:20:00,Av. Chapultepec,56.67,62.91,213,88,2,no,sintético_calibrado
2026-09-05T22:30:00,Av. Chapultepec,57.32,62.07,213,123,1,no,sintético_calibrado
2026-09-05T22:40:00,Av. Chapultepec,60.17,60.39,218,79,1,no,sintético_calibrado
2026-09-05T22:50:00,Av. Chapultepec,63.05,57.27,216,95,1,no,sintético_calibrado
2026-09-05T23:00:00,Av. Chapultepec,43.35,69.89,181,134,0,no,sintético_calibrado
2026-09-05T23:10:00,Av. Chapultepec,40.28,73.5,177,163,0,no,sintético_calibrado
2026-09-05T23:20:00,Av. Chapultepec,50.7,63.49,193,140,1,no,sintético_calibrado
2026-09-05T23:30:00,Av. Chapultepec,55.39,59.07,196,98,0,no,sintético_calibrado
2026-09-05T23:40:00,Av. Chapultepec,58.68,60.84,214,96,0,no,sintético_calibrado
2026-09-05T23:50:00,Av. Chapultepec,48.05,66.22,190,131,1,no,sintético_calibrado
2026-09-05T00:00:00,Av. México,60.49,65.34,237,83,1,no,sintético_calibrado
2026-09-05T00:10:00,Av. México,53.14,72.39,230,135,0,no,sintético_calibrado
2026-09-05T00:20:00,Av. México,63.56,63.77,243,88,2,no,sintético_calibrado
2026-09-05T00:30:00,Av. México,55.94,60.17,201,103,0,no,sintético_calibrado
2026-09-05T00:40:00,Av. México,49.86,63.81,190,134,0,no,sintético_calibrado
2026-09-05T00:50:00,Av. México,42.89,73.25,188,136,0,no,sintético_calibrado
2026-09-05T01:00:00,Av. México,49.16,69.14,203,126,3,no,sintético_calibrado
2026-09-05T01:10:00,Av. México,48.81,58.41,171,107,0,no,sintético_calibrado
2026-09-05T01:20:00,Av. México,44.87,75.21,202,154,0,no,sintético_calibrado
2026-09-05T01:30:00,Av. México,39.25,71.89,169,159,11,no,sintético_calibrado
2026-09-05T01:40:00,Av. México,47.73,62.18,178,117,0,no,sintético_calibrado
2026-09-05T01:50:00,Av. México,62.65,55.23,207,101,0,no,sintético_calibrado
2026-09-05T02:00:00,Av. México,47.02,67.92,191,120,0,no,sintético_calibrado
2026-09-05T02:10:00,Av. México,58.22,60.96,212,109,0,no,sintético_calibrado
2026-09-05T02:20:00,Av. México,46.52,69.11,192,124,1,no,sintético_calibrado
2026-09-05T02:30:00,Av. México,41.77,70.75,177,148,1,no,sintético_calibrado
2026-09-05T02:40:00,Av. México,53.71,67.1,216,100,1,no,sintético_calibrado
2026-09-05T02:50:00,Av. México,48.3,72.17,209,113,2,no,sintético_calibrado
2026-09-05T03:00:00,Av. México,53.33,63.39,202,121,0,no,sintético_calibrado
2026-09-05T03:10:00,Av. México,54.95,52.22,172,116,2,no,sintético_calibrado
2026-09-05T03:20:00,Av. México,58.15,60.26,210,110,2,no,sintético_calibrado
2026-09-05T03:30:00,Av. México,57.79,57.55,199,85,0,no,sintético_calibrado
2026-09-05T03:40:00,Av. México,49.98,67.28,201,133,0,no,sintético_calibrado
2026-09-05T03:50:00,Av. México,52.95,66.34,210,99,0,no,sintético_calibrado
2026-09-05T04:00:00,Av. México,50.74,60.73,184,118,0,no,sintético_calibrado
2026-09-05T04:10:00,Av. México,50.56,66.19,200,121,0,no,sintético_calibrado
2026-09-05T04:20:00,Av. México,52.24,62.14,194,123,4,no,sintético_calibrado
2026-09-05T04:30:00,Av. México,48.57,63.7,185,125,0,no,sintético_calibrado
2026-09-05T04:40:00,Av. México,43.15,72.96,188,154,1,no,sintético_calibrado
2026-09-05T04:50:00,Av. México,43.87,72.73,191,149,0,no,sintético_calibrado
2026-09-05T05:00:00,Av. México,51.54,60.21,186,133,1,no,sintético_calibrado
2026-09-05T05:10:00,Av. México,49.02,61.83,181,114,0,no,sintético_calibrado
2026-09-05T05:20:00,Av. México,53.46,68.73,220,118,0,no,sintético_calibrado
2026-09-05T05:30:00,Av. México,40.76,68.25,166,164,0,no,sintético_calibrado
2026-09-05T05:40:00,Av. México,48.64,68.39,199,144,0,no,sintético_calibrado
2026-09-05T05:50:00,Av. México,45.3,75.01,203,153,2,no,sintético_calibrado
2026-09-05T06:00:00,Av. México,56.57,58.78,199,93,0,no,sintético_calibrado
2026-09-05T06:10:00,Av. México,41.03,74.35,183,157,0,no,sintético_calibrado
2026-09-05T06:20:00,Av. México,55.05,59.64,196,109,1,no,sintético_calibrado
2026-09-05T06:30:00,Av. México,47.9,69.3,199,116,1,no,sintético_calibrado
2026-09-05T06:40:00,Av. México,57.84,64.83,224,122,1,no,sintético_calibrado
2026-09-05T06:50:00,Av. México,50.56,58.39,177,118,0,no,sintético_calibrado
2026-09-05T07:00:00,Av. México,44.65,64.23,172,131,0,no,sintético_calibrado
2026-09-05T07:10:00,Av. México,49.97,62.3,186,111,0,no,sintético_calibrado
2026-09-05T07:20:00,Av. México,47.22,66.32,187,124,0,no,sintético_calibrado
2026-09-05T07:30:00,Av. México,57.38,63.32,217,122,0,no,sintético_calibrado
2026-09-05T07:40:00,Av. México,48.66,61.59,179,137,1,no,sintético_calibrado
2026-09-05T07:50:00,Av. México,52.21,64.04,200,114,0,no,sintético_calibrado
2026-09-05T08:00:00,Av. México,43.74,76.45,200,150,0,no,sintético_calibrado
2026-09-05T08:10:00,Av. México,51.38,58.32,179,135,0,no,sintético_calibrado
2026-09-05T08:20:00,Av. México,45.58,63.05,172,149,0,no,sintético_calibrado
2026-09-05T08:30:00,Av. México,45.09,83.77,226,132,0,no,sintético_calibrado
2026-09-05T08:40:00,Av. México,47.72,73.27,209,122,1,no,sintético_calibrado
2026-09-05T08:50:00,Av. México,54.71,50.66,166,128,0,no,sintético_calibrado
2026-09-05T09:00:00,Av. México,50.83,62.67,191,105,0,no,sintético_calibrado
2026-09-05T09:10:00,Av. México,40.96,75.1,184,129,2,no,sintético_calibrado
2026-09-05T09:20:00,Av. México,56.54,61.82,209,108,1,no,sintético_calibrado
2026-09-05T09:30:00,Av. México,49.35,66.27,196,119,0,no,sintético_calibrado
2026-09-05T09:40:00,Av. México,49.96,60.96,182,112,0,no,sintético_calibrado
2026-09-05T09:50:00,Av. México,41.01,74.15,182,151,0,no,sintético_calibrado
2026-09-05T10:00:00,Av. México,63.07,55.95,211,87,0,no,sintético_calibrado
2026-09-05T10:10:00,Av. México,63.19,56.63,214,107,0,no,sintético_calibrado
2026-09-05T10:20:00,Av. México,58.94,58.24,205,94,0,no,sintético_calibrado
2026-09-05T10:30:00,Av. México,55.2,70.22,232,120,0,no,sintético_calibrado
2026-09-05T10:40:00,Av. México,53.76,59.46,191,120,1,no,sintético_calibrado
2026-09-05T10:50:00,Av. México,60.32,54.28,196,101,0,no,sintético_calibrado
2026-09-05T11:00:00,Av. México,56.82,59.09,201,125,0,no,sintético_calibrado
2026-09-05T11:10:00,Av. México,61.29,61.46,226,78,0,no,sintético_calibrado
2026-09-05T11:20:00,Av. México,62.47,56.47,211,105,2,no,sintético_calibrado
2026-09-05T11:30:00,Av. México,60.6,64.78,235,115,0,no,sintético_calibrado
2026-09-05T11:40:00,Av. México,62.87,47.98,180,94,1,no,sintético_calibrado
2026-09-05T11:50:00,Av. México,55.05,55.12,182,111,2,no,sintético_calibrado
2026-09-05T12:00:00,Av. México,57.63,60.53,209,116,2,no,sintético_calibrado
2026-09-05T12:10:00,Av. México,67.08,55.23,222,79,0,no,sintético_calibrado
2026-09-05T12:20:00,Av. México,61.14,58.22,213,107,0,no,sintético_calibrado
2026-09-05T12:30:00,Av. México,66.03,53.29,211,66,0,no,sintético_calibrado
2026-09-05T12:40:00,Av. México,69.15,54.88,227,88,0,no,sintético_calibrado
2026-09-05T12:50:00,Av. México,59.98,51.63,185,115,1,no,sintético_calibrado
2026-09-05T13:00:00,Av. México,57.83,62.68,217,100,0,no,sintético_calibrado
2026-09-05T13:10:00,Av. México,58.1,67.2,234,122,1,no,sintético_calibrado
2026-09-05T13:20:00,Av. México,59.96,61.75,222,110,0,no,sintético_calibrado
2026-09-05T13:30:00,Av. México,63.72,63.36,242,95,0,no,sintético_calibrado
2026-09-05T13:40:00,Av. México,62.18,56.08,209,105,0,no,sintético_calibrado
2026-09-05T13:50:00,Av. México,55.96,65.3,219,110,1,no,sintético_calibrado
2026-09-05T14:00:00,Av. México,56.04,60.03,201,128,1,no,sintético_calibrado
2026-09-05T14:10:00,Av. México,61.69,48.9,181,113,0,no,sintético_calibrado
2026-09-05T14:20:00,Av. México,55.2,65.11,215,131,1,no,sintético_calibrado
2026-09-05T14:30:00,Av. México,55.05,62.66,206,118,0,no,sintético_calibrado
2026-09-05T14:40:00,Av. México,65.23,47.97,187,99,1,no,sintético_calibrado
2026-09-05T14:50:00,Av. México,64.87,55.16,214,73,1,no,sintético_calibrado
2026-09-05T15:00:00,Av. México,66.6,52.58,210,92,1,no,sintético_calibrado
2026-09-05T15:10:00,Av. México,50.52,62.45,189,114,0,no,sintético_calibrado
2026-09-05T15:20:00,Av. México,61.76,63.79,236,100,0,no,sintético_calibrado
2026-09-05T15:30:00,Av. México,54.25,67.92,221,110,1,no,sintético_calibrado
2026-09-05T15:40:00,Av. México,65.46,51.34,201,73,0,no,sintético_calibrado
2026-09-05T15:50:00,Av. México,56.2,65.74,221,111,0,no,sintético_calibrado
2026-09-05T16:00:00,Av. México,63.31,54.33,206,78,0,no,sintético_calibrado
2026-09-05T16:10:00,Av. México,49.26,68.19,201,118,0,no,sintético_calibrado
2026-09-05T16:20:00,Av. México,56.23,51.37,173,98,0,no,sintético_calibrado
2026-09-05T16:30:00,Av. México,63.0,53.94,203,102,0,no,sintético_calibrado
2026-09-05T16:40:00,Av. México,56.91,69.83,238,124,0,no,sintético_calibrado
2026-09-05T16:50:00,Av. México,57.32,53.78,184,96,1,no,sintético_calibrado
2026-09-05T17:00:00,Av. México,59.8,61.2,219,111,0,no,sintético_calibrado
2026-09-05T17:10:00,Av. México,61.94,64.83,240,85,0,no,sintético_calibrado
2026-09-05T17:20:00,Av. México,70.81,56.74,241,59,1,no,sintético_calibrado
2026-09-05T17:30:00,Av. México,58.85,53.81,190,112,0,no,sintético_calibrado
2026-09-05T17:40:00,Av. México,54.06,60.83,197,130,2,no,sintético_calibrado
2026-09-05T17:50:00,Av. México,54.02,63.8,206,133,0,no,sintético_calibrado
2026-09-05T18:00:00,Av. México,63.41,57.38,218,71,1,no,sintético_calibrado
2026-09-05T18:10:00,Av. México,56.97,55.83,190,119,0,no,sintético_calibrado
2026-09-05T18:20:00,Av. México,62.81,61.48,231,94,3,no,sintético_calibrado
2026-09-05T18:30:00,Av. México,57.68,64.47,223,97,1,no,sintético_calibrado
2026-09-05T18:40:00,Av. México,68.44,47.95,196,79,0,no,sintético_calibrado
2026-09-05T18:50:00,Av. México,63.4,49.76,189,108,0,no,sintético_calibrado
2026-09-05T19:00:00,Av. México,59.73,60.45,216,103,3,no,sintético_calibrado
2026-09-05T19:10:00,Av. México,56.05,62.39,209,107,0,no,sintético_calibrado
2026-09-05T19:20:00,Av. México,51.0,75.6,231,120,1,no,sintético_calibrado
2026-09-05T19:30:00,Av. México,60.65,63.82,232,100,0,no,sintético_calibrado
2026-09-05T19:40:00,Av. México,58.09,52.85,184,85,1,no,sintético_calibrado
2026-09-05T19:50:00,Av. México,55.48,63.3,210,110,0,no,sintético_calibrado
2026-09-05T20:00:00,Av. México,60.08,54.52,196,117,0,no,sintético_calibrado
2026-09-05T20:10:00,Av. México,62.8,64.8,244,108,1,no,sintético_calibrado
2026-09-05T20:20:00,Av. México,66.25,54.88,218,100,1,no,sintético_calibrado
2026-09-05T20:30:00,Av. México,51.58,62.49,193,109,0,no,sintético_calibrado
2026-09-05T20:40:00,Av. México,60.08,61.73,222,118,1,no,sintético_calibrado
2026-09-05T20:50:00,Av. México,67.78,54.64,222,76,0,no,sintético_calibrado
2026-09-05T21:00:00,Av. México,58.44,60.2,211,96,0,no,sintético_calibrado
2026-09-05T21:10:00,Av. México,57.98,58.6,203,88,1,no,sintético_calibrado
2026-09-05T21:20:00,Av. México,57.56,61.96,213,118,0,no,sintético_calibrado
2026-09-05T21:30:00,Av. México,50.38,57.36,173,133,0,no,sintético_calibrado
2026-09-05T21:40:00,Av. México,67.85,52.79,214,81,1,no,sintético_calibrado
2026-09-05T21:50:00,Av. México,62.97,54.79,207,80,1,no,sintético_calibrado
2026-09-05T22:00:00,Av. México,61.4,65.38,240,95,0,no,sintético_calibrado
2026-09-05T22:10:00,Av. México,56.97,52.03,177,95,1,no,sintético_calibrado
2026-09-05T22:20:00,Av. México,56.07,57.81,194,115,0,no,sintético_calibrado
2026-09-05T22:30:00,Av. México,61.36,56.52,208,94,0,no,sintético_calibrado
2026-09-05T22:40:00,Av. México,61.75,64.39,238,88,9,no,sintético_calibrado
2026-09-05T22:50:00,Av. México,67.08,47.59,191,66,3,no,sintético_calibrado
2026-09-05T23:00:00,Av. México,43.42,69.32,180,139,0,no,sintético_calibrado
2026-09-05T23:10:00,Av. México,58.8,53.6,189,101,0,no,sintético_calibrado
2026-09-05T23:20:00,Av. México,42.69,78.78,201,145,0,no,sintético_calibrado
2026-09-05T23:30:00,Av. México,52.41,58.43,183,121,0,no,sintético_calibrado
2026-09-05T23:40:00,Av. México,50.7,66.88,203,136,2,no,sintético_calibrado
2026-09-05T23:50:00,Av. México,47.61,73.39,209,129,1,no,sintético_calibrado
2026-09-05T00:00:00,Av. Universidad,41.5,71.5,178,136,1,no,sintético_calibrado
2026-09-05T00:10:00,Av. Universidad,42.76,75.39,193,135,0,no,sintético_calibrado
2026-09-05T00:20:00,Av. Universidad,47.65,65.29,186,141,0,no,sintético_calibrado
2026-09-05T00:30:00,Av. Universidad,51.56,57.99,179,128,0,no,sintético_calibrado
2026-09-05T00:40:00,Av. Universidad,48.33,65.83,190,138,0,no,sintético_calibrado
2026-09-05T00:50:00,Av. Universidad,48.75,74.28,217,124,0,no,sintético_calibrado
2026-09-05T01:00:00,Av. Universidad,55.05,62.21,205,106,0,no,sintético_calibrado
2026-09-05T01:10:00,Av. Universidad,42.7,72.15,184,155,0,no,sintético_calibrado
2026-09-05T01:20:00,Av. Universidad,47.76,69.5,199,144,2,no,sintético_calibrado
2026-09-05T01:30:00,Av. Universidad,56.92,57.18,195,114,0,no,sintético_calibrado
2026-09-05T01:40:00,Av. Universidad,45.46,76.37,208,130,0,no,sintético_calibrado
2026-09-05T01:50:00,Av. Universidad,51.52,58.53,180,125,0,no,sintético_calibrado
2026-09-05T02:00:00,Av. Universidad,51.09,61.84,189,104,2,no,sintético_calibrado
2026-09-05T02:10:00,Av. Universidad,43.83,64.29,169,146,0,no,sintético_calibrado
2026-09-05T02:20:00,Av. Universidad,42.59,76.05,194,147,0,no,sintético_calibrado
2026-09-05T02:30:00,Av. Universidad,46.02,68.19,188,152,1,no,sintético_calibrado
2026-09-05T02:40:00,Av. Universidad,41.18,73.08,180,151,0,no,sintético_calibrado
2026-09-05T02:50:00,Av. Universidad,54.34,70.86,231,114,1,no,sintético_calibrado
2026-09-05T03:00:00,Av. Universidad,49.93,70.21,210,120,1,no,sintético_calibrado
2026-09-05T03:10:00,Av. Universidad,45.88,72.6,199,151,0,no,sintético_calibrado
2026-09-05T03:20:00,Av. Universidad,50.39,70.31,212,113,0,no,sintético_calibrado
2026-09-05T03:30:00,Av. Universidad,49.27,63.79,188,127,0,no,sintético_calibrado
2026-09-05T03:40:00,Av. Universidad,43.11,67.33,174,136,1,no,sintético_calibrado
2026-09-05T03:50:00,Av. Universidad,50.43,59.84,181,135,1,no,sintético_calibrado
2026-09-05T04:00:00,Av. Universidad,53.01,65.71,208,108,0,no,sintético_calibrado
2026-09-05T04:10:00,Av. Universidad,60.49,46.85,170,79,0,no,sintético_calibrado
2026-09-05T04:20:00,Av. Universidad,48.56,67.08,195,108,0,no,sintético_calibrado
2026-09-05T04:30:00,Av. Universidad,45.11,64.65,174,126,2,no,sintético_calibrado
2026-09-05T04:40:00,Av. Universidad,44.76,72.8,195,149,0,no,sintético_calibrado
2026-09-05T04:50:00,Av. Universidad,56.97,58.64,200,115,1,no,sintético_calibrado
2026-09-05T05:00:00,Av. Universidad,48.17,61.6,178,144,0,no,sintético_calibrado
2026-09-05T05:10:00,Av. Universidad,48.04,65.3,188,128,0,no,sintético_calibrado
2026-09-05T05:20:00,Av. Universidad,46.44,75.92,211,147,0,no,sintético_calibrado
2026-09-05T05:30:00,Av. Universidad,57.11,57.95,198,98,4,no,sintético_calibrado
2026-09-05T05:40:00,Av. Universidad,44.5,59.15,157,155,0,no,sintético_calibrado
2026-09-05T05:50:00,Av. Universidad,43.4,67.88,176,133,0,no,sintético_calibrado
2026-09-05T06:00:00,Av. Universidad,50.12,60.49,181,126,0,no,sintético_calibrado
2026-09-05T06:10:00,Av. Universidad,49.39,56.08,166,118,0,no,sintético_calibrado
2026-09-05T06:20:00,Av. Universidad,45.07,72.64,196,137,2,no,sintético_calibrado
2026-09-05T06:30:00,Av. Universidad,45.48,62.52,170,140,0,no,sintético_calibrado
2026-09-05T06:40:00,Av. Universidad,50.99,65.39,200,105,1,no,sintético_calibrado
2026-09-05T06:50:00,Av. Universidad,55.41,60.09,199,119,3,no,sintético_calibrado
2026-09-05T07:00:00,Av. Universidad,47.79,67.48,193,148,0,no,sintético_calibrado
2026-09-05T07:10:00,Av. Universidad,46.51,66.13,184,130,3,no,sintético_calibrado
2026-09-05T07:20:00,Av. Universidad,45.35,68.73,187,131,1,no,sintético_calibrado
2026-09-05T07:30:00,Av. Universidad,48.67,69.62,203,114,0,no,sintético_calibrado
2026-09-05T07:40:00,Av. Universidad,48.69,61.9,180,142,0,no,sintético_calibrado
2026-09-05T07:50:00,Av. Universidad,50.69,63.27,192,127,0,no,sintético_calibrado
2026-09-05T08:00:00,Av. Universidad,47.75,67.87,194,134,0,no,sintético_calibrado
2026-09-05T08:10:00,Av. Universidad,42.78,70.5,180,135,0,no,sintético_calibrado
2026-09-05T08:20:00,Av. Universidad,53.67,63.16,203,113,1,no,sintético_calibrado
2026-09-05T08:30:00,Av. Universidad,46.17,65.3,180,126,1,no,sintético_calibrado
2026-09-05T08:40:00,Av. Universidad,58.11,67.49,235,84,0,no,sintético_calibrado
2026-09-05T08:50:00,Av. Universidad,51.95,57.92,180,113,1,no,sintético_calibrado
2026-09-05T09:00:00,Av. Universidad,52.79,62.44,197,120,0,no,sintético_calibrado
2026-09-05T09:10:00,Av. Universidad,55.66,59.76,199,122,0,no,sintético_calibrado
2026-09-05T09:20:00,Av. Universidad,51.4,51.19,157,113,0,no,sintético_calibrado
2026-09-05T09:30:00,Av. Universidad,53.56,66.58,213,116,4,no,sintético_calibrado
2026-09-05T09:40:00,Av. Universidad,53.9,64.74,209,123,0,no,sintético_calibrado
2026-09-05T09:50:00,Av. Universidad,55.12,68.0,224,127,1,no,sintético_calibrado
2026-09-05T10:00:00,Av. Universidad,55.66,58.92,196,101,0,no,sintético_calibrado
2026-09-05T10:10:00,Av. Universidad,55.61,61.19,204,91,0,no,sintético_calibrado
2026-09-05T10:20:00,Av. Universidad,55.09,65.01,214,114,2,no,sintético_calibrado
2026-09-05T10:30:00,Av. Universidad,56.61,73.4,249,112,2,no,sintético_calibrado
2026-09-05T10:40:00,Av. Universidad,52.95,64.42,204,121,1,no,sintético_calibrado
2026-09-05T10:50:00,Av. Universidad,57.61,59.54,205,87,0,no,sintético_calibrado
2026-09-05T11:00:00,Av. Universidad,56.19,50.04,168,92,3,no,sintético_calibrado
2026-09-05T11:10:00,Av. Universidad,54.96,64.72,213,112,0,no,sintético_calibrado
2026-09-05T11:20:00,Av. Universidad,45.55,59.64,162,138,0,no,sintético_calibrado
2026-09-05T11:30:00,Av. Universidad,56.39,59.03,199,111,1,no,sintético_calibrado
2026-09-05T11:40:00,Av. Universidad,54.81,59.73,196,99,2,no,sintético_calibrado
2026-09-05T11:50:00,Av. Universidad,57.61,54.14,187,121,1,no,sintético_calibrado
2026-09-05T12:00:00,Av. Universidad,55.26,56.4,186,114,0,no,sintético_calibrado
2026-09-05T12:10:00,Av. Universidad,62.98,50.55,191,81,1,no,sintético_calibrado
2026-09-05T12:20:00,Av. Universidad,59.0,49.99,176,89,0,no,sintético_calibrado
2026-09-05T12:30:00,Av. Universidad,57.99,51.92,180,123,0,no,sintético_calibrado
2026-09-05T12:40:00,Av. Universidad,63.26,54.24,205,92,1,no,sintético_calibrado
2026-09-05T12:50:00,Av. Universidad,61.31,53.26,195,77,1,no,sintético_calibrado
2026-09-05T13:00:00,Av. Universidad,53.12,54.72,174,125,0,no,sintético_calibrado
2026-09-05T13:10:00,Av. Universidad,64.09,54.54,209,91,3,no,sintético_calibrado
2026-09-05T13:20:00,Av. Universidad,59.81,64.75,232,107,0,no,sintético_calibrado
2026-09-05T13:30:00,Av. Universidad,58.64,58.87,207,90,2,no,sintético_calibrado
2026-09-05T13:40:00,Av. Universidad,55.39,62.57,207,121,1,no,sintético_calibrado
2026-09-05T13:50:00,Av. Universidad,57.61,55.57,192,105,0,no,sintético_calibrado
2026-09-05T14:00:00,Av. Universidad,65.62,47.7,187,74,0,no,sintético_calibrado
2026-09-05T14:10:00,Av. Universidad,58.85,52.68,185,87,3,no,sintético_calibrado
2026-09-05T14:20:00,Av. Universidad,60.63,51.94,188,103,1,no,sintético_calibrado
2026-09-05T14:30:00,Av. Universidad,63.13,54.83,207,80,0,no,sintético_calibrado
2026-09-05T14:40:00,Av. Universidad,56.25,56.51,190,98,0,no,sintético_calibrado
2026-09-05T14:50:00,Av. Universidad,65.49,55.56,218,83,0,no,sintético_calibrado
2026-09-05T15:00:00,Av. Universidad,52.16,60.99,190,102,1,no,sintético_calibrado
2026-09-05T15:10:00,Av. Universidad,72.44,45.28,196,49,0,no,sintético_calibrado
2026-09-05T15:20:00,Av. Universidad,64.82,58.03,225,70,0,no,sintético_calibrado
2026-09-05T15:30:00,Av. Universidad,64.97,51.23,199,82,0,no,sintético_calibrado
2026-09-05T15:40:00,Av. Universidad,59.44,56.9,202,99,0,no,sintético_calibrado
2026-09-05T15:50:00,Av. Universidad,57.4,63.67,219,110,0,no,sintético_calibrado
2026-09-05T16:00:00,Av. Universidad,55.03,64.74,213,118,1,no,sintético_calibrado
2026-09-05T16:10:00,Av. Universidad,53.61,65.76,211,113,0,no,sintético_calibrado
2026-09-05T16:20:00,Av. Universidad,62.7,60.16,226,107,0,no,sintético_calibrado
2026-09-05T16:30:00,Av. Universidad,48.87,70.57,206,117,1,no,sintético_calibrado
2026-09-05T16:40:00,Av. Universidad,77.94,46.82,218,58,0,no,sintético_calibrado
2026-09-05T16:50:00,Av. Universidad,62.88,51.98,196,106,0,no,sintético_calibrado
2026-09-05T17:00:00,Av. Universidad,66.75,56.53,226,90,0,no,sintético_calibrado
2026-09-05T17:10:00,Av. Universidad,53.04,59.72,190,97,0,no,sintético_calibrado
2026-09-05T17:20:00,Av. Universidad,57.61,68.49,236,121,0,no,sintético_calibrado
2026-09-05T17:30:00,Av. Universidad,64.39,45.8,176,103,0,no,sintético_calibrado
2026-09-05T17:40:00,Av. Universidad,54.41,66.47,217,123,1,no,sintético_calibrado
2026-09-05T17:50:00,Av. Universidad,55.76,64.87,217,116,2,no,sintético_calibrado
2026-09-05T18:00:00,Av. Universidad,62.54,48.59,182,79,1,no,sintético_calibrado
2026-09-05T18:10:00,Av. Universidad,56.85,54.46,185,122,0,no,sintético_calibrado
2026-09-05T18:20:00,Av. Universidad,55.95,64.11,215,94,0,no,sintético_calibrado
2026-09-05T18:30:00,Av. Universidad,52.49,66.64,209,110,0,no,sintético_calibrado
2026-09-05T18:40:00,Av. Universidad,67.74,59.81,243,90,1,no,sintético_calibrado
2026-09-05T18:50:00,Av. Universidad,62.89,57.58,217,90,2,no,sintético_calibrado
2026-09-05T19:00:00,Av. Universidad,58.33,62.04,217,99,0,no,sintético_calibrado
2026-09-05T19:10:00,Av. Universidad,59.7,65.56,234,107,0,no,sintético_calibrado
2026-09-05T19:20:00,Av. Universidad,72.92,47.82,209,81,2,no,sintético_calibrado
2026-09-05T19:30:00,Av. Universidad,57.25,57.69,198,113,0,no,sintético_calibrado
2026-09-05T19:40:00,Av. Universidad,59.63,60.88,217,102,0,no,sintético_calibrado
2026-09-05T19:50:00,Av. Universidad,61.6,56.75,209,102,1,no,sintético_calibrado
2026-09-05T20:00:00,Av. Universidad,60.75,65.84,239,88,2,no,sintético_calibrado
2026-09-05T20:10:00,Av. Universidad,55.25,65.33,216,103,0,no,sintético_calibrado
2026-09-05T20:20:00,Av. Universidad,50.94,62.91,192,106,0,no,sintético_calibrado
2026-09-05T20:30:00,Av. Universidad,59.8,61.88,222,98,0,no,sintético_calibrado
2026-09-05T20:40:00,Av. Universidad,60.14,60.12,216,114,0,no,sintético_calibrado
2026-09-05T20:50:00,Av. Universidad,61.77,58.6,217,98,1,no,sintético_calibrado
2026-09-05T21:00:00,Av. Universidad,56.62,64.22,218,124,0,no,sintético_calibrado
2026-09-05T21:10:00,Av. Universidad,53.19,73.55,234,135,1,no,sintético_calibrado
2026-09-05T21:20:00,Av. Universidad,59.28,56.34,200,81,0,no,sintético_calibrado
2026-09-05T21:30:00,Av. Universidad,61.81,42.05,155,92,0,no,sintético_calibrado
2026-09-05T21:40:00,Av. Universidad,60.11,53.3,192,96,0,no,sintético_calibrado
2026-09-05T21:50:00,Av. Universidad,57.24,62.88,215,95,1,no,sintético_calibrado
2026-09-05T22:00:00,Av. Universidad,62.35,54.16,202,78,0,no,sintético_calibrado
2026-09-05T22:10:00,Av. Universidad,62.28,55.96,209,79,0,no,sintético_calibrado
2026-09-05T22:20:00,Av. Universidad,59.38,64.24,228,109,1,no,sintético_calibrado
2026-09-05T22:30:00,Av. Universidad,54.34,59.94,195,119,0,no,sintético_calibrado
2026-09-05T22:40:00,Av. Universidad,62.35,53.4,199,102,0,no,sintético_calibrado
2026-09-05T22:50:00,Av. Universidad,56.43,57.79,195,108,0,no,sintético_calibrado
2026-09-05T23:00:00,Av. Universidad,43.91,63.21,166,120,1,no,sintético_calibrado
2026-09-05T23:10:00,Av. Universidad,50.07,63.11,189,122,0,no,sintético_calibrado
2026-09-05T23:20:00,Av. Universidad,59.92,64.59,232,81,0,no,sintético_calibrado
2026-09-05T23:30:00,Av. Universidad,48.76,68.71,201,141,0,no,sintético_calibrado
2026-09-05T23:40:00,Av. Universidad,51.92,59.1,184,130,0,no,sintético_calibrado
2026-09-05T23:50:00,Av. Universidad,56.47,58.4,197,101,0,no,sintético_calibrado
2026-09-05T00:00:00,Av. Vallarta,46.62,67.3,188,120,3,no,sintético_calibrado
2026-09-05T00:10:00,Av. Vallarta,43.16,62.27,161,138,0,no,sintético_calibrado
2026-09-05T00:20:00,Av. Vallarta,50.88,56.69,173,132,0,no,sintético_calibrado
2026-09-05T00:30:00,Av. Vallarta,50.1,66.79,200,118,0,no,sintético_calibrado
2026-09-05T00:40:00,Av. Vallarta,40.75,68.69,167,147,0,no,sintético_calibrado
2026-09-05T00:50:00,Av. Vallarta,45.22,78.47,212,146,0,no,sintético_calibrado
2026-09-05T01:00:00,Av. Vallarta,52.34,73.04,229,123,0,no,sintético_calibrado
2026-09-05T01:10:00,Av. Vallarta,48.42,57.34,166,129,1,no,sintético_calibrado
2026-09-05T01:20:00,Av. Vallarta,47.24,68.74,194,131,1,no,sintético_calibrado
2026-09-05T01:30:00,Av. Vallarta,53.91,54.45,176,121,1,no,sintético_calibrado
2026-09-05T01:40:00,Av. Vallarta,49.56,70.92,210,143,1,no,sintético_calibrado
2026-09-05T01:50:00,Av. Vallarta,51.91,66.06,205,103,0,no,sintético_calibrado
2026-09-05T02:00:00,Av. Vallarta,53.83,57.41,185,97,2,no,sintético_calibrado
2026-09-05T02:10:00,Av. Vallarta,41.07,67.07,165,158,0,no,sintético_calibrado
2026-09-05T02:20:00,Av. Vallarta,43.57,68.26,178,146,0,no,sintético_calibrado
2026-09-05T02:30:00,Av. Vallarta,45.1,72.04,194,144,1,no,sintético_calibrado
2026-09-05T02:40:00,Av. Vallarta,46.17,62.83,174,130,0,no,sintético_calibrado
2026-09-05T02:50:00,Av. Vallarta,42.14,58.83,148,141,0,no,sintético_calibrado
2026-09-05T03:00:00,Av. Vallarta,53.3,61.31,196,107,0,no,sintético_calibrado
2026-09-05T03:10:00,Av. Vallarta,49.52,76.25,226,136,1,no,sintético_calibrado
2026-09-05T03:20:00,Av. Vallarta,56.19,61.65,207,127,0,no,sintético_calibrado
2026-09-05T03:30:00,Av. Vallarta,50.05,64.86,194,133,0,no,sintético_calibrado
2026-09-05T03:40:00,Av. Vallarta,49.12,52.3,154,138,2,no,sintético_calibrado
2026-09-05T03:50:00,Av. Vallarta,48.59,73.97,215,127,0,no,sintético_calibrado
2026-09-05T04:00:00,Av. Vallarta,49.12,62.51,184,127,0,no,sintético_calibrado
2026-09-05T04:10:00,Av. Vallarta,49.58,66.1,196,117,0,no,sintético_calibrado
2026-09-05T04:20:00,Av. Vallarta,52.97,63.25,201,124,0,no,sintético_calibrado
2026-09-05T04:30:00,Av. Vallarta,50.49,62.19,188,126,0,no,sintético_calibrado
2026-09-05T04:40:00,Av. Vallarta,48.83,62.77,183,146,0,no,sintético_calibrado
2026-09-05T04:50:00,Av. Vallarta,41.89,74.3,186,135,0,no,sintético_calibrado
2026-09-05T05:00:00,Av. Vallarta,52.79,53.4,169,126,3,no,sintético_calibrado
2026-09-05T05:10:00,Av. Vallarta,53.65,64.04,206,97,0,no,sintético_calibrado
2026-09-05T05:20:00,Av. Vallarta,47.83,66.71,191,128,1,no,sintético_calibrado
2026-09-05T05:30:00,Av. Vallarta,46.9,61.97,174,138,0,no,sintético_calibrado
2026-09-05T05:40:00,Av. Vallarta,50.9,62.02,189,104,3,no,sintético_calibrado
2026-09-05T05:50:00,Av. Vallarta,53.39,64.1,205,102,0,no,sintético_calibrado
2026-09-05T06:00:00,Av. Vallarta,45.0,67.28,181,137,3,no,sintético_calibrado
2026-09-05T06:10:00,Av. Vallarta,42.87,66.55,171,155,0,no,sintético_calibrado
2026-09-05T06:20:00,Av. Vallarta,47.05,67.14,189,139,0,no,sintético_calibrado
2026-09-05T06:30:00,Av. Vallarta,51.65,54.54,169,131,2,no,sintético_calibrado
2026-09-05T06:40:00,Av. Vallarta,51.91,59.75,186,115,0,no,sintético_calibrado
2026-09-05T06:50:00,Av. Vallarta,52.0,60.68,189,127,0,no,sintético_calibrado
2026-09-05T07:00:00,Av. Vallarta,43.95,71.02,187,143,1,no,sintético_calibrado
2026-09-05T07:10:00,Av. Vallarta,45.17,61.55,166,133,1,no,sintético_calibrado
2026-09-05T07:20:00,Av. Vallarta,48.84,73.02,213,145,2,no,sintético_calibrado
2026-09-05T07:30:00,Av. Vallarta,48.27,61.18,177,135,0,no,sintético_calibrado
2026-09-05T07:40:00,Av. Vallarta,54.66,69.39,227,104,3,no,sintético_calibrado
2026-09-05T07:50:00,Av. Vallarta,50.08,58.85,176,116,0,no,sintético_calibrado
2026-09-05T08:00:00,Av. Vallarta,51.88,68.55,213,102,0,no,sintético_calibrado
2026-09-05T08:10:00,Av. Vallarta,48.44,64.55,187,117,0,no,sintético_calibrado
2026-09-05T08:20:00,Av. Vallarta,43.34,68.69,178,142,0,no,sintético_calibrado
2026-09-05T08:30:00,Av. Vallarta,54.98,65.09,214,110,1,no,sintético_calibrado
2026-09-05T08:40:00,Av. Vallarta,55.9,61.98,207,113,0,no,sintético_calibrado
2026-09-05T08:50:00,Av. Vallarta,54.49,57.78,188,126,0,no,sintético_calibrado
2026-09-05T09:00:00,Av. Vallarta,45.86,63.93,175,126,0,no,sintético_calibrado
2026-09-05T09:10:00,Av. Vallarta,43.53,67.96,177,134,0,no,sintético_calibrado
2026-09-05T09:20:00,Av. Vallarta,51.41,69.12,213,135,1,no,sintético_calibrado
2026-09-05T09:30:00,Av. Vallarta,48.26,53.49,154,133,0,no,sintético_calibrado
2026-09-05T09:40:00,Av. Vallarta,50.43,69.45,210,130,1,no,sintético_calibrado
2026-09-05T09:50:00,Av. Vallarta,49.99,61.33,183,141,1,no,sintético_calibrado
2026-09-05T10:00:00,Av. Vallarta,62.72,52.35,197,109,0,no,sintético_calibrado
2026-09-05T10:10:00,Av. Vallarta,63.94,40.68,156,76,0,no,sintético_calibrado
2026-09-05T10:20:00,Av. Vallarta,55.2,54.14,179,111,0,no,sintético_calibrado
2026-09-05T10:30:00,Av. Vallarta,61.63,58.67,216,101,0,no,sintético_calibrado
2026-09-05T10:40:00,Av. Vallarta,59.81,64.09,229,98,0,no,sintético_calibrado
2026-09-05T10:50:00,Av. Vallarta,65.99,59.38,235,99,1,no,sintético_calibrado
2026-09-05T11:00:00,Av. Vallarta,62.13,57.74,215,92,0,no,sintético_calibrado
2026-09-05T11:10:00,Av. Vallarta,63.37,63.33,240,88,0,no,sintético_calibrado
2026-09-05T11:20:00,Av. Vallarta,54.1,65.64,213,103,0,no,sintético_calibrado
2026-09-05T11:30:00,Av. Vallarta,56.3,63.3,213,128,2,no,sintético_calibrado
2026-09-05T11:40:00,Av. Vallarta,59.96,56.88,204,102,0,no,sintético_calibrado
2026-09-05T11:50:00,Av. Vallarta,60.08,57.06,205,90,0,no,sintético_calibrado
2026-09-05T12:00:00,Av. Vallarta,55.76,59.67,199,128,0,no,sintético_calibrado
2026-09-05T12:10:00,Av. Vallarta,60.95,64.11,234,77,1,no,sintético_calibrado
2026-09-05T12:20:00,Av. Vallarta,57.78,57.83,200,101,2,no,sintético_calibrado
2026-09-05T12:30:00,Av. Vallarta,54.01,66.94,216,112,1,no,sintético_calibrado
2026-09-05T12:40:00,Av. Vallarta,47.66,63.63,181,139,1,no,sintético_calibrado
2026-09-05T12:50:00,Av. Vallarta,60.22,60.95,220,110,0,no,sintético_calibrado
2026-09-05T13:00:00,Av. Vallarta,54.74,64.26,211,104,0,no,sintético_calibrado
2026-09-05T13:10:00,Av. Vallarta,67.34,53.65,216,63,2,no,sintético_calibrado
2026-09-05T13:20:00,Av. Vallarta,59.86,54.74,196,81,0,no,sintético_calibrado
2026-09-05T13:30:00,Av. Vallarta,51.86,57.96,180,123,0,no,sintético_calibrado
2026-09-05T13:40:00,Av. Vallarta,53.93,56.62,183,133,3,no,sintético_calibrado
2026-09-05T13:50:00,Av. Vallarta,59.2,63.48,225,99,0,no,sintético_calibrado
2026-09-05T14:00:00,Av. Vallarta,67.2,53.65,216,65,0,no,sintético_calibrado
2026-09-05T14:10:00,Av. Vallarta,62.01,62.18,231,89,0,no,sintético_calibrado
2026-09-05T14:20:00,Av. Vallarta,64.68,59.73,231,103,0,no,sintético_calibrado
2026-09-05T14:30:00,Av. Vallarta,65.71,57.83,227,81,2,no,sintético_calibrado
2026-09-05T14:40:00,Av. Vallarta,59.65,64.0,229,84,3,no,sintético_calibrado
2026-09-05T14:50:00,Av. Vallarta,53.01,57.88,184,121,0,no,sintético_calibrado
2026-09-05T15:00:00,Av. Vallarta,59.96,50.96,183,95,0,no,sintético_calibrado
2026-09-05T15:10:00,Av. Vallarta,63.53,51.23,195,100,1,no,sintético_calibrado
2026-09-05T15:20:00,Av. Vallarta,62.44,59.72,223,107,0,no,sintético_calibrado
2026-09-05T15:30:00,Av. Vallarta,56.7,68.09,231,123,2,no,sintético_calibrado
2026-09-05T15:40:00,Av. Vallarta,64.8,53.82,209,79,1,no,sintético_calibrado
2026-09-05T15:50:00,Av. Vallarta,50.37,63.0,190,123,1,no,sintético_calibrado
2026-09-05T16:00:00,Av. Vallarta,50.92,75.26,229,126,0,no,sintético_calibrado
2026-09-05T16:10:00,Av. Vallarta,47.01,68.75,193,124,0,no,sintético_calibrado
2026-09-05T16:20:00,Av. Vallarta,58.49,55.98,196,117,0,no,sintético_calibrado
2026-09-05T16:30:00,Av. Vallarta,58.25,57.38,200,117,0,no,sintético_calibrado
2026-09-05T16:40:00,Av. Vallarta,57.64,60.91,210,115,0,no,sintético_calibrado
2026-09-05T16:50:00,Av. Vallarta,68.08,51.82,211,78,0,no,sintético_calibrado
2026-09-05T17:00:00,Av. Vallarta,66.35,46.55,185,89,0,no,sintético_calibrado
2026-09-05T17:10:00,Av. Vallarta,49.1,66.55,196,142,0,no,sintético_calibrado
2026-09-05T17:20:00,Av. Vallarta,52.71,55.86,176,123,0,no,sintético_calibrado
2026-09-05T17:30:00,Av. Vallarta,48.0,64.84,186,137,0,no,sintético_calibrado
2026-09-05T17:40:00,Av. Vallarta,66.37,45.97,183,68,0,no,sintético_calibrado
2026-09-05T17:50:00,Av. Vallarta,65.75,51.2,201,97,4,no,sintético_calibrado
2026-09-05T18:00:00,Av. Vallarta,65.79,59.92,236,104,0,no,sintético_calibrado
2026-09-05T18:10:00,Av. Vallarta,59.23,66.07,234,83,1,no,sintético_calibrado
2026-09-05T18:20:00,Av. Vallarta,52.82,62.61,198,120,0,no,sintético_calibrado
2026-09-05T18:30:00,Av. Vallarta,64.5,58.73,227,92,0,no,sintético_calibrado
2026-09-05T18:40:00,Av. Vallarta,67.88,57.31,233,82,0,no,sintético_calibrado
2026-09-05T18:50:00,Av. Vallarta,56.19,62.29,209,107,0,no,sintético_calibrado
2026-09-05T19:00:00,Av. Vallarta,63.96,57.02,218,99,0,no,sintético_calibrado
2026-09-05T19:10:00,Av. Vallarta,57.37,52.56,180,102,1,no,sintético_calibrado
2026-09-05T19:20:00,Av. Vallarta,61.09,61.11,223,81,2,no,sintético_calibrado
2026-09-05T19:30:00,Av. Vallarta,56.25,59.05,199,111,1,no,sintético_calibrado
2026-09-05T19:40:00,Av. Vallarta,53.49,66.62,213,98,0,no,sintético_calibrado
2026-09-05T19:50:00,Av. Vallarta,62.86,57.86,218,106,0,no,sintético_calibrado
2026-09-05T20:00:00,Av. Vallarta,62.84,56.69,213,82,0,no,sintético_calibrado
2026-09-05T20:10:00,Av. Vallarta,56.5,62.9,213,112,0,no,sintético_calibrado
2026-09-05T20:20:00,Av. Vallarta,66.45,56.29,224,84,1,no,sintético_calibrado
2026-09-05T20:30:00,Av. Vallarta,53.33,62.62,200,123,0,no,sintético_calibrado
2026-09-05T20:40:00,Av. Vallarta,59.44,57.37,204,90,0,no,sintético_calibrado
2026-09-05T20:50:00,Av. Vallarta,58.95,59.38,210,120,1,no,sintético_calibrado
2026-09-05T21:00:00,Av. Vallarta,50.79,64.96,197,142,0,no,sintético_calibrado
2026-09-05T21:10:00,Av. Vallarta,54.49,65.43,213,103,0,no,sintético_calibrado
2026-09-05T21:20:00,Av. Vallarta,56.14,63.0,212,97,0,no,sintético_calibrado
2026-09-05T21:30:00,Av. Vallarta,52.42,62.73,197,137,0,no,sintético_calibrado
2026-09-05T21:40:00,Av. Vallarta,59.76,47.06,168,111,2,no,sintético_calibrado
2026-09-05T21:50:00,Av. Vallarta,59.33,59.51,211,102,1,no,sintético_calibrado
2026-09-05T22:00:00,Av. Vallarta,56.65,57.58,195,127,3,no,sintético_calibrado
2026-09-05T22:10:00,Av. Vallarta,57.05,61.5,210,120,0,no,sintético_calibrado
2026-09-05T22:20:00,Av. Vallarta,56.21,67.3,226,110,2,no,sintético_calibrado
2026-09-05T22:30:00,Av. Vallarta,62.01,58.14,216,113,2,no,sintético_calibrado
2026-09-05T22:40:00,Av. Vallarta,61.46,50.43,185,106,0,no,sintético_calibrado
2026-09-05T22:50:00,Av. Vallarta,59.16,50.25,178,115,0,no,sintético_calibrado
2026-09-05T23:00:00,Av. Vallarta,52.88,66.94,212,111,1,no,sintético_calibrado
2026-09-05T23:10:00,Av. Vallarta,47.19,73.66,208,112,0,no,sintético_calibrado
2026-09-05T23:20:00,Av. Vallarta,50.59,72.98,221,135,0,no,sintético_calibrado
2026-09-05T23:30:00,Av. Vallarta,46.81,69.42,194,124,0,no,sintético_calibrado
2026-09-05T23:40:00,Av. Vallarta,56.03,63.49,213,124,1,no,sintético_calibrado
2026-09-05T23:50:00,Av. Vallarta,48.73,59.27,173,129,3,no,sintético_calibrado
2026-09-05T00:00:00,Av. Aviación,54.33,60.0,195,131,0,no,sintético_calibrado
2026-09-05T00:10:00,Av. Aviación,49.8,69.59,207,115,0,no,sintético_calibrado
2026-09-05T00:20:00,Av. Aviación,54.58,62.39,204,113,0,no,sintético_calibrado
2026-09-05T00:30:00,Av. Aviación,52.85,69.39,220,106,3,no,sintético_calibrado
2026-09-05T00:40:00,Av. Aviación,43.84,69.21,182,127,1,no,sintético_calibrado
2026-09-05T00:50:00,Av. Aviación,54.33,63.04,205,111,0,no,sintético_calibrado
2026-09-05T01:00:00,Av. Aviación,50.02,63.49,190,110,0,no,sintético_calibrado
2026-09-05T01:10:00,Av. Aviación,51.1,61.35,188,117,0,no,sintético_calibrado
2026-09-05T01:20:00,Av. Aviación,51.66,55.93,173,127,1,no,sintético_calibrado
2026-09-05T01:30:00,Av. Aviación,55.82,66.99,224,127,0,no,sintético_calibrado
2026-09-05T01:40:00,Av. Aviación,55.09,54.9,181,107,1,no,sintético_calibrado
2026-09-05T01:50:00,Av. Aviación,53.34,67.76,216,99,0,no,sintético_calibrado
2026-09-05T02:00:00,Av. Aviación,49.44,76.08,225,111,2,no,sintético_calibrado
2026-09-05T02:10:00,Av. Aviación,47.29,78.71,223,150,0,no,sintético_calibrado
2026-09-05T02:20:00,Av. Aviación,51.25,62.95,193,121,1,no,sintético_calibrado
2026-09-05T02:30:00,Av. Aviación,56.78,63.18,215,112,0,no,sintético_calibrado
2026-09-05T02:40:00,Av. Aviación,49.08,70.26,206,109,6,no,sintético_calibrado
2026-09-05T02:50:00,Av. Aviación,46.17,65.9,182,124,0,no,sintético_calibrado
2026-09-05T03:00:00,Av. Aviación,53.15,70.29,224,108,0,no,sintético_calibrado
2026-09-05T03:10:00,Av. Aviación,45.3,71.79,195,138,1,no,sintético_calibrado
2026-09-05T03:20:00,Av. Aviación,46.73,70.35,197,150,1,no,sintético_calibrado
2026-09-05T03:30:00,Av. Aviación,42.81,69.21,177,145,0,no,sintético_calibrado
2026-09-05T03:40:00,Av. Aviación,53.89,68.58,221,117,0,no,sintético_calibrado
2026-09-05T03:50:00,Av. Aviación,62.92,52.95,199,89,0,no,sintético_calibrado
2026-09-05T04:00:00,Av. Aviación,58.54,58.65,206,93,0,no,sintético_calibrado
2026-09-05T04:10:00,Av. Aviación,41.26,73.3,181,165,0,no,sintético_calibrado
2026-09-05T04:20:00,Av. Aviación,51.47,70.4,217,111,1,no,sintético_calibrado
2026-09-05T04:30:00,Av. Aviación,50.66,58.11,176,110,0,no,sintético_calibrado
2026-09-05T04:40:00,Av. Aviación,53.16,66.53,212,128,0,no,sintético_calibrado
2026-09-05T04:50:00,Av. Aviación,53.41,61.15,195,112,0,no,sintético_calibrado
2026-09-05T05:00:00,Av. Aviación,43.92,69.97,184,127,1,no,sintético_calibrado
2026-09-05T05:10:00,Av. Aviación,54.37,52.66,171,104,0,no,sintético_calibrado
2026-09-05T05:20:00,Av. Aviación,53.0,54.21,172,130,3,no,sintético_calibrado
2026-09-05T05:30:00,Av. Aviación,61.22,56.3,206,80,1,no,sintético_calibrado
2026-09-05T05:40:00,Av. Aviación,41.76,71.91,180,146,3,no,sintético_calibrado
2026-09-05T05:50:00,Av. Aviación,49.4,49.62,147,144,0,no,sintético_calibrado
2026-09-05T06:00:00,Av. Aviación,44.64,76.59,205,151,0,no,sintético_calibrado
2026-09-05T06:10:00,Av. Aviación,45.65,65.63,179,151,0,no,sintético_calibrado
2026-09-05T06:20:00,Av. Aviación,49.19,67.59,199,116,0,no,sintético_calibrado
2026-09-05T06:30:00,Av. Aviación,52.04,60.62,189,101,0,no,sintético_calibrado
2026-09-05T06:40:00,Av. Aviación,45.37,59.06,160,120,0,no,sintético_calibrado
2026-09-05T06:50:00,Av. Aviación,46.38,59.75,166,132,1,no,sintético_calibrado
2026-09-05T07:00:00,Av. Aviación,51.03,66.53,203,103,1,no,sintético_calibrado
2026-09-05T07:10:00,Av. Aviación,50.15,66.18,199,113,0,no,sintético_calibrado
2026-09-05T07:20:00,Av. Aviación,54.6,63.51,208,97,1,no,sintético_calibrado
2026-09-05T07:30:00,Av. Aviación,47.59,69.84,199,111,0,no,sintético_calibrado
2026-09-05T07:40:00,Av. Aviación,47.04,61.0,172,113,0,no,sintético_calibrado
2026-09-05T07:50:00,Av. Aviación,48.6,68.04,198,131,0,no,sintético_calibrado
2026-09-05T08:00:00,Av. Aviación,53.11,64.58,205,126,1,no,sintético_calibrado
2026-09-05T08:10:00,Av. Aviación,48.68,71.62,209,125,0,no,sintético_calibrado
2026-09-05T08:20:00,Av. Aviación,51.68,68.95,213,105,0,no,sintético_calibrado
2026-09-05T08:30:00,Av. Aviación,48.36,61.87,179,140,0,no,sintético_calibrado
2026-09-05T08:40:00,Av. Aviación,49.23,62.63,184,136,4,no,sintético_calibrado
2026-09-05T08:50:00,Av. Aviación,59.77,53.83,193,83,0,no,sintético_calibrado
2026-09-05T09:00:00,Av. Aviación,51.37,62.97,194,133,0,no,sintético_calibrado
2026-09-05T09:10:00,Av. Aviación,44.97,66.04,178,120,2,no,sintético_calibrado
2026-09-05T09:20:00,Av. Aviación,44.37,75.51,201,121,0,no,sintético_calibrado
2026-09-05T09:30:00,Av. Aviación,53.32,74.71,238,99,0,no,sintético_calibrado
2026-09-05T09:40:00,Av. Aviación,49.6,64.83,192,143,2,no,sintético_calibrado
2026-09-05T09:50:00,Av. Aviación,51.82,67.73,210,131,0,no,sintético_calibrado
2026-09-05T10:00:00,Av. Aviación,65.59,59.97,236,100,1,no,sintético_calibrado
2026-09-05T10:10:00,Av. Aviación,62.51,47.94,179,87,4,no,sintético_calibrado
2026-09-05T10:20:00,Av. Aviación,61.8,53.85,199,77,0,no,sintético_calibrado
2026-09-05T10:30:00,Av. Aviación,61.12,64.08,235,116,1,no,sintético_calibrado
2026-09-05T10:40:00,Av. Aviación,57.52,62.58,215,112,0,no,sintético_calibrado
2026-09-05T10:50:00,Av. Aviación,63.17,62.29,236,99,1,no,sintético_calibrado
2026-09-05T11:00:00,Av. Aviación,53.24,62.19,198,98,0,no,sintético_calibrado
2026-09-05T11:10:00,Av. Aviación,64.15,63.14,243,101,0,no,sintético_calibrado
2026-09-05T11:20:00,Av. Aviación,65.44,54.69,214,95,1,no,sintético_calibrado
2026-09-05T11:30:00,Av. Aviación,62.66,64.42,242,83,0,no,sintético_calibrado
2026-09-05T11:40:00,Av. Aviación,53.34,60.73,194,114,0,no,sintético_calibrado
2026-09-05T11:50:00,Av. Aviación,61.6,51.79,191,104,1,no,sintético_calibrado
2026-09-05T12:00:00,Av. Aviación,62.02,57.06,212,89,1,no,sintético_calibrado
2026-09-05T12:10:00,Av. Aviación,63.81,56.51,216,92,1,no,sintético_calibrado
2026-09-05T12:20:00,Av. Aviación,48.37,67.09,194,137,0,no,sintético_calibrado
2026-09-05T12:30:00,Av. Aviación,51.91,67.94,211,106,0,no,sintético_calibrado
2026-09-05T12:40:00,Av. Aviación,61.86,52.08,193,80,2,no,sintético_calibrado
2026-09-05T12:50:00,Av. Aviación,53.19,57.06,182,113,0,no,sintético_calibrado
2026-09-05T13:00:00,Av. Aviación,55.94,67.18,225,125,0,no,sintético_calibrado
2026-09-05T13:10:00,Av. Aviación,70.67,52.41,222,85,0,no,sintético_calibrado
2026-09-05T13:20:00,Av. Aviación,57.43,76.5,263,93,0,no,sintético_calibrado
2026-09-05T13:30:00,Av. Aviación,63.21,57.47,217,81,1,no,sintético_calibrado
2026-09-05T13:40:00,Av. Aviación,62.39,53.44,200,109,0,no,sintético_calibrado
2026-09-05T13:50:00,Av. Aviación,64.22,60.44,232,94,1,no,sintético_calibrado
2026-09-05T14:00:00,Av. Aviación,49.43,69.0,204,107,0,no,sintético_calibrado
2026-09-05T14:10:00,Av. Aviación,59.48,57.93,206,85,0,no,sintético_calibrado
2026-09-05T14:20:00,Av. Aviación,48.69,68.41,199,142,1,no,sintético_calibrado
2026-09-05T14:30:00,Av. Aviación,59.85,51.1,183,84,0,no,sintético_calibrado
2026-09-05T14:40:00,Av. Aviación,57.05,63.25,216,117,0,no,sintético_calibrado
2026-09-05T14:50:00,Av. Aviación,66.18,64.76,257,99,0,no,sintético_calibrado
2026-09-05T15:00:00,Av. Aviación,58.85,60.46,213,112,0,no,sintético_calibrado
2026-09-05T15:10:00,Av. Aviación,51.73,60.07,186,131,0,no,sintético_calibrado
2026-09-05T15:20:00,Av. Aviación,63.34,53.25,202,108,0,no,sintético_calibrado
2026-09-05T15:30:00,Av. Aviación,59.05,56.48,200,97,0,no,sintético_calibrado
2026-09-05T15:40:00,Av. Aviación,68.03,67.08,273,93,0,no,sintético_calibrado
2026-09-05T15:50:00,Av. Aviación,62.84,53.21,200,82,0,no,sintético_calibrado
2026-09-05T16:00:00,Av. Aviación,65.17,49.05,191,87,0,no,sintético_calibrado
2026-09-05T16:10:00,Av. Aviación,56.83,54.67,186,89,0,no,sintético_calibrado
2026-09-05T16:20:00,Av. Aviación,52.07,70.43,220,119,0,no,sintético_calibrado
2026-09-05T16:30:00,Av. Aviación,66.39,56.24,224,76,0,no,sintético_calibrado
2026-09-05T16:40:00,Av. Aviación,55.12,61.86,204,119,1,no,sintético_calibrado
2026-09-05T16:50:00,Av. Aviación,45.92,60.09,165,145,0,no,sintético_calibrado
2026-09-05T17:00:00,Av. Aviación,53.79,63.72,205,125,1,no,sintético_calibrado
2026-09-05T17:10:00,Av. Aviación,54.51,59.12,193,128,2,no,sintético_calibrado
2026-09-05T17:20:00,Av. Aviación,58.92,58.77,207,113,1,no,sintético_calibrado
2026-09-05T17:30:00,Av. Aviación,58.84,51.87,183,101,1,no,sintético_calibrado
2026-09-05T17:40:00,Av. Aviación,51.69,50.25,155,125,1,no,sintético_calibrado
2026-09-05T17:50:00,Av. Aviación,58.41,57.46,201,84,1,no,sintético_calibrado
2026-09-05T18:00:00,Av. Aviación,60.48,59.51,215,89,0,no,sintético_calibrado
2026-09-05T18:10:00,Av. Aviación,56.14,67.42,227,95,0,no,sintético_calibrado
2026-09-05T18:20:00,Av. Aviación,48.82,68.78,201,107,0,no,sintético_calibrado
2026-09-05T18:30:00,Av. Aviación,58.09,54.18,188,96,0,no,sintético_calibrado
2026-09-05T18:40:00,Av. Aviación,60.7,54.93,200,90,0,no,sintético_calibrado
2026-09-05T18:50:00,Av. Aviación,60.91,61.3,224,114,0,no,sintético_calibrado
2026-09-05T19:00:00,Av. Aviación,65.92,54.03,213,102,0,no,sintético_calibrado
2026-09-05T19:10:00,Av. Aviación,55.78,62.3,208,96,0,no,sintético_calibrado
2026-09-05T19:20:00,Av. Aviación,57.96,56.39,196,95,1,no,sintético_calibrado
2026-09-05T19:30:00,Av. Aviación,49.45,77.29,229,124,0,no,sintético_calibrado
2026-09-05T19:40:00,Av. Aviación,62.41,49.86,186,73,1,no,sintético_calibrado
2026-09-05T19:50:00,Av. Aviación,62.77,63.81,240,106,0,no,sintético_calibrado
2026-09-05T20:00:00,Av. Aviación,62.39,52.94,198,95,1,no,sintético_calibrado
2026-09-05T20:10:00,Av. Aviación,62.5,56.46,211,93,0,no,sintético_calibrado
2026-09-05T20:20:00,Av. Aviación,72.85,47.27,206,63,1,no,sintético_calibrado
2026-09-05T20:30:00,Av. Aviación,49.48,66.3,196,127,2,no,sintético_calibrado
2026-09-05T20:40:00,Av. Aviación,68.15,50.82,207,68,0,no,sintético_calibrado
2026-09-05T20:50:00,Av. Aviación,59.65,60.04,214,110,1,no,sintético_calibrado
2026-09-05T21:00:00,Av. Aviación,57.53,65.33,225,109,0,no,sintético_calibrado
2026-09-05T21:10:00,Av. Aviación,54.98,64.41,212,109,0,no,sintético_calibrado
2026-09-05T21:20:00,Av. Aviación,51.11,65.36,200,109,1,no,sintético_calibrado
2026-09-05T21:30:00,Av. Aviación,63.84,63.42,242,86,0,no,sintético_calibrado
2026-09-05T21:40:00,Av. Aviación,54.47,64.37,210,107,0,no,sintético_calibrado
2026-09-05T21:50:00,Av. Aviación,64.93,65.27,254,71,4,no,sintético_calibrado
2026-09-05T22:00:00,Av. Aviación,63.4,60.73,231,94,0,no,sintético_calibrado
2026-09-05T22:10:00,Av. Aviación,54.06,60.34,195,129,0,no,sintético_calibrado
2026-09-05T22:20:00,Av. Aviación,54.68,64.7,212,125,0,no,sintético_calibrado
2026-09-05T22:30:00,Av. Aviación,60.27,55.67,201,87,3,no,sintético_calibrado
2026-09-05T22:40:00,Av. Aviación,64.13,61.26,235,71,0,no,sintético_calibrado
2026-09-05T22:50:00,Av. Aviación,56.08,60.92,204,93,1,no,sintético_calibrado
2026-09-05T23:00:00,Av. Aviación,54.21,61.67,200,124,0,no,sintético_calibrado
2026-09-05T23:10:00,Av. Aviación,37.23,70.05,156,147,2,no,sintético_calibrado
2026-09-05T23:20:00,Av. Aviación,54.82,62.71,206,117,0,no,sintético_calibrado
2026-09-05T23:30:00,Av. Aviación,41.22,67.96,168,138,0,no,sintético_calibrado
2026-09-05T23:40:00,Av. Aviación,50.34,70.2,212,136,0,no,sintético_calibrado
2026-09-05T23:50:00,Av. Aviación,54.0,62.26,201,113,0,no,sintético_calibrado
