user_id,timestamp,road,latitude,longitude,speed_kmh,report_type,confidence,device_type,app_version,hour
user_5426,2026-04-09 22:03:08.043721,Av. Gigantes,20.656888,-103.414681,14.835556653830583,normal,0.8540362888980227,web,1.0,2026-04-09 22:00:00
user_6311,2026-04-26 22:03:08.043974,Av. México,20.651507,-103.394767,46.769919185152496,normal,0.5917022549267169,web,1.1,2026-04-26 22:00:00
user_3558,2026-04-01 22:03:08.044092,Av. López Mateos,20.668275,-103.375562,38.57930903735648,normal,0.6163856702151521,web,1.2,2026-04-01 22:00:00
user_4556,2026-04-03 22:03:08.044246,Av. Vallarta,20.644258,-103.404858,44.48021723658601,roadwork,0.8401537692938899,mobile,1.2,2026-04-03 22:00:00
user_8041,2026-04-07 22:03:08.044511,Av. México,20.6514,-103.394053,35.97440081655905,roadwork,0.8049983288913105,web,1.2,2026-04-07 22:00:00
user_8555,2026-04-20 22:03:08.044634,Av. Vallarta,20.646852,-103.405229,50.84023369884185,incident,0.7125779372456224,web,1.1,2026-04-20 22:00:00
user_8629,2026-04-12 22:03:08.044746,Av. Gigantes,20.658219,-103.414118,29.863719857023383,incident,0.7698460661945399,web,1.1,2026-04-12 22:00:00
user_6276,2026-04-19 22:03:08.044858,Av. Chapultepec,20.657917,-103.385156,18.55439766955899,roadwork,0.5826334695315012,mobile,1.2,2026-04-19 22:00:00
user_6258,2026-04-04 22:03:08.044960,Av. Chapultepec,20.658823,-103.384888,54.544576625177555,roadwork,0.8856351733429728,mobile,1.1,2026-04-04 22:00:00
user_3454,2026-04-12 22:03:08.045036,Av. México,20.651093,-103.396508,61.494704636772305,incident,0.6625916610133735,mobile,1.1,2026-04-12 22:00:00
user_4840,2026-04-13 22:03:08.045115,Av. Vallarta,20.642956,-103.403931,30.99355738631925,incident,0.7468977981821954,mobile,1.2,2026-04-13 22:00:00
user_6116,2026-04-08 22:03:08.045185,Av. México,20.652784,-103.394913,40.51488974301199,normal,0.8477580432130638,mobile,1.2,2026-04-08 22:00:00
user_4157,2026-04-15 22:03:08.045262,Av. López Mateos,20.668581,-103.37481,49.395888684683584,incident,0.8167018782552118,web,1.1,2026-04-15 22:00:00
user_8392,2026-04-03 22:03:08.045329,Av. Vallarta,20.645897,-103.405774,39.60332782062019,congestion,0.6139675812709708,web,1.0,2026-04-03 22:00:00
user_6575,2026-04-22 22:03:08.045405,Av. Gigantes,20.656651,-103.416019,25.350739691812887,congestion,0.5599326836668415,web,1.2,2026-04-22 22:00:00
user_4763,2026-04-19 22:03:08.045473,Av. Vallarta,20.647944,-103.404785,14.665276002063973,congestion,0.5324461235544908,web,1.1,2026-04-19 22:00:00
user_1698,2026-04-04 22:03:08.045540,Av. México,20.651242,-103.394543,45.9034531491154,incident,0.5165253664502742,web,1.0,2026-04-04 22:00:00
user_6791,2026-04-16 22:03:08.045618,Av. Chapultepec,20.661963,-103.386075,38.677526694901744,incident,0.6210276357557503,web,1.2,2026-04-16 22:00:00
user_3327,2026-04-22 22:03:08.045688,Av. Vallarta,20.643678,-103.405668,50.342397455840704,incident,0.7678873420373793,web,1.0,2026-04-22 22:00:00
user_1659,2026-03-30 22:03:08.045785,Av. Chapultepec,20.659478,-103.386491,36.50553405595842,normal,0.8387821809211412,mobile,1.1,2026-03-30 22:00:00
user_2843,2026-04-21 22:03:08.046030,Av. Vallarta,20.644464,-103.403903,42.84806655553966,roadwork,0.9683649943683672,mobile,1.2,2026-04-21 22:00:00
user_1262,2026-03-29 22:03:08.046149,Av. Gigantes,20.658617,-103.415838,55.157790983731495,normal,0.587477463547968,web,1.0,2026-03-29 22:00:00
user_5548,2026-04-12 22:03:08.046262,Av. Gigantes,20.656393,-103.414815,48.89824191372635,congestion,0.6394356762960909,mobile,1.2,2026-04-12 22:00:00
user_2648,2026-04-04 22:03:08.046369,Av. Gigantes,20.658782,-103.41475,50.19672314245464,normal,0.8926703255569718,web,1.1,2026-04-04 22:00:00
user_3961,2026-04-03 22:03:08.046475,Av. Vallarta,20.645567,-103.405165,47.62249517987207,incident,0.7242120714931237,mobile,1.0,2026-04-03 22:00:00
user_5911,2026-04-07 22:03:08.046586,Av. Gigantes,20.656783,-103.415975,56.806269056136784,normal,0.6832343922914299,web,1.2,2026-04-07 22:00:00
user_9050,2026-04-16 22:03:08.046706,Av. Vallarta,20.645822,-103.403103,25.221447588628312,incident,0.9865052773762228,mobile,1.2,2026-04-16 22:00:00
user_8022,2026-04-27 22:03:08.046843,Av. Vallarta,20.64572,-103.406936,32.28963707831035,normal,0.9320837825359516,web,1.0,2026-04-27 22:00:00
user_8339,2026-04-11 22:03:08.046969,Av. Vallarta,20.64648,-103.404603,41.64805822011223,congestion,0.9765359235119766,mobile,1.0,2026-04-11 22:00:00
user_1190,2026-04-08 22:03:08.047088,Av. López Mateos,20.670714,-103.374664,45.75944716372749,congestion,0.6925488643009626,mobile,1.0,2026-04-08 22:00:00
user_1569,2026-04-06 22:03:08.047225,Av. Vallarta,20.645214,-103.406246,54.526688263529685,roadwork,0.570042007618262,mobile,1.1,2026-04-06 22:00:00
user_8343,2026-04-19 22:03:08.047360,Av. México,20.65092,-103.394117,38.26043420856327,roadwork,0.6467959221322467,mobile,1.1,2026-04-19 22:00:00
user_6625,2026-03-31 22:03:08.047498,Av. Vallarta,20.645657,-103.406436,36.66082653338074,roadwork,0.6689975784257679,web,1.1,2026-03-31 22:00:00
user_4769,2026-04-09 22:03:08.047653,Av. México,20.651872,-103.39311,34.86292898667905,roadwork,0.9909204441552655,web,1.1,2026-04-09 22:00:00
user_4124,2026-03-31 22:03:08.047816,Av. México,20.651528,-103.393911,63.155979497049586,normal,0.7656773157840739,mobile,1.2,2026-03-31 22:00:00
user_9932,2026-04-02 22:03:08.047949,Av. Gigantes,20.657849,-103.416308,15.141006756339543,incident,0.9813242073389625,mobile,1.2,2026-04-02 22:00:00
user_1512,2026-04-02 22:03:08.048075,Av. Chapultepec,20.659132,-103.385343,21.76756980263862,incident,0.8572979613500311,web,1.0,2026-04-02 22:00:00
user_8004,2026-04-23 22:03:08.048264,Av. López Mateos,20.669657,-103.374729,78.67209909015845,roadwork,0.5238580638458243,web,1.2,2026-04-23 22:00:00
user_6188,2026-03-31 22:03:08.048388,Av. López Mateos,20.669661,-103.375815,40.790176869887695,incident,0.8518289296900119,web,1.1,2026-03-31 22:00:00
user_8421,2026-04-27 22:03:08.048505,Av. México,20.651396,-103.398241,29.634185379985652,incident,0.8248868413213817,web,1.1,2026-04-27 22:00:00
user_7905,2026-04-18 22:03:08.048617,Av. López Mateos,20.669676,-103.374475,45.02720416792015,normal,0.8293468158094726,web,1.2,2026-04-18 22:00:00
user_1851,2026-04-01 22:03:08.048728,Av. México,20.652756,-103.39493,39.220296047073596,normal,0.8385841711914909,mobile,1.0,2026-04-01 22:00:00
user_9002,2026-04-16 22:03:08.048841,Av. Chapultepec,20.659981,-103.385033,52.52140135539123,roadwork,0.5978955673946482,mobile,1.2,2026-04-16 22:00:00
user_9967,2026-04-05 22:03:08.048946,Av. México,20.653061,-103.39489,38.54961921225126,congestion,0.9224376554847273,web,1.1,2026-04-05 22:00:00
user_8668,2026-04-02 22:03:08.049053,Av. México,20.651972,-103.396716,52.94153267480704,normal,0.8675355219019429,mobile,1.0,2026-04-02 22:00:00
user_3786,2026-04-04 22:03:08.049155,Av. Chapultepec,20.659316,-103.387717,65.84349507922445,congestion,0.8658238776498202,web,1.1,2026-04-04 22:00:00
user_4440,2026-03-29 22:03:08.049264,Av. Chapultepec,20.658831,-103.384338,62.16557303212025,roadwork,0.5515619344179663,mobile,1.0,2026-03-29 22:00:00
user_8186,2026-04-01 22:03:08.049370,Av. Gigantes,20.658858,-103.415523,59.237144816714974,congestion,0.5267426483736845,mobile,1.0,2026-04-01 22:00:00
user_3782,2026-04-14 22:03:08.049477,Av. Vallarta,20.644729,-103.405613,46.45493947489077,roadwork,0.5416422055976298,mobile,1.2,2026-04-14 22:00:00
user_4636,2026-04-24 22:03:08.049585,Av. Gigantes,20.658595,-103.413795,27.05009296179717,roadwork,0.8906480252356013,mobile,1.0,2026-04-24 22:00:00
user_8330,2026-04-02 22:03:08.049693,Av. López Mateos,20.669301,-103.375009,40.36361236204617,incident,0.9843259719870674,mobile,1.1,2026-04-02 22:00:00
user_6293,2026-04-21 22:03:08.049807,Av. México,20.652804,-103.395822,48.65530817237868,congestion,0.6112882087855153,mobile,1.1,2026-04-21 22:00:00
user_6541,2026-04-23 22:03:08.049913,Av. Vallarta,20.644529,-103.404768,62.31531507613386,roadwork,0.9538468531742732,mobile,1.1,2026-04-23 22:00:00
user_5268,2026-04-02 22:03:08.050029,Av. Gigantes,20.657523,-103.417037,68.55048420814009,congestion,0.7026010433907086,web,1.1,2026-04-02 22:00:00
user_1504,2026-04-15 22:03:08.050140,Av. Gigantes,20.659271,-103.414229,23.315850412918763,normal,0.7641850606486046,mobile,1.1,2026-04-15 22:00:00
user_7190,2026-04-23 22:03:08.050261,Av. México,20.651156,-103.394776,45.18888601172692,congestion,0.6084045532932456,mobile,1.2,2026-04-23 22:00:00
user_9662,2026-04-12 22:03:08.050371,Av. Chapultepec,20.6607,-103.383684,77.8470439982651,normal,0.5848399519477827,web,1.1,2026-04-12 22:00:00
user_5835,2026-04-23 22:03:08.050488,Av. México,20.651192,-103.395757,31.873817656978236,normal,0.7266204234144156,mobile,1.0,2026-04-23 22:00:00
user_1924,2026-03-31 22:03:08.050600,Av. Chapultepec,20.66045,-103.386077,43.15816876263728,congestion,0.8067075979678949,web,1.1,2026-03-31 22:00:00
user_3193,2026-04-04 22:03:08.050717,Av. México,20.652649,-103.396232,47.84377380240883,normal,0.9926430253327522,mobile,1.0,2026-04-04 22:00:00
user_5784,2026-04-01 22:03:08.050830,Av. México,20.652341,-103.395086,43.28190232121073,roadwork,0.5669260594003166,mobile,1.2,2026-04-01 22:00:00
user_4636,2026-04-23 22:03:08.050940,Av. Gigantes,20.659238,-103.414995,45.70470890647113,congestion,0.878540601021228,mobile,1.0,2026-04-23 22:00:00
user_5780,2026-04-09 22:03:08.051057,Av. López Mateos,20.668932,-103.375142,24.47114826687214,congestion,0.8784995660861143,web,1.2,2026-04-09 22:00:00
user_5363,2026-04-25 22:03:08.051172,Av. México,20.652535,-103.398478,40.97605407075731,congestion,0.7759534193872428,mobile,1.1,2026-04-25 22:00:00
user_2252,2026-04-13 22:03:08.051283,Av. Vallarta,20.64398,-103.405269,67.33567760826719,roadwork,0.9515755293383131,web,1.1,2026-04-13 22:00:00
user_2331,2026-04-01 22:03:08.051381,Av. México,20.652878,-103.396731,66.66508187972717,congestion,0.7569947445799055,web,1.2,2026-04-01 22:00:00
user_3180,2026-04-11 22:03:08.051485,Av. Gigantes,20.65822,-103.416884,42.0799460718378,congestion,0.7460581465397691,web,1.0,2026-04-11 22:00:00
user_4818,2026-03-29 22:03:08.051587,Av. México,20.65342,-103.396523,63.088728108638776,roadwork,0.6200728093890966,mobile,1.2,2026-03-29 22:00:00
user_7031,2026-04-17 22:03:08.051698,Av. Chapultepec,20.661842,-103.386602,28.48122142729332,normal,0.7058306071787641,web,1.2,2026-04-17 22:00:00
user_8570,2026-04-02 22:03:08.051926,Av. Vallarta,20.645488,-103.405986,52.560697732767665,congestion,0.5844675315360823,web,1.1,2026-04-02 22:00:00
user_7376,2026-04-23 22:03:08.052168,Av. López Mateos,20.670051,-103.375489,56.79050933568124,congestion,0.7517086354274285,mobile,1.2,2026-04-23 22:00:00
user_7493,2026-04-06 22:03:08.052449,Av. Chapultepec,20.659213,-103.385542,31.498265128891298,roadwork,0.9604362002659066,mobile,1.0,2026-04-06 22:00:00
user_1638,2026-04-13 22:03:08.052570,Av. México,20.652178,-103.394964,44.472045923062744,normal,0.6844568197848862,web,1.1,2026-04-13 22:00:00
user_3797,2026-04-05 22:03:08.052691,Av. López Mateos,20.670057,-103.3746,33.23232159280046,roadwork,0.7660567426326579,mobile,1.1,2026-04-05 22:00:00
user_6750,2026-04-03 22:03:08.052797,Av. México,20.65083,-103.396659,42.19642316159386,congestion,0.9203549929389656,web,1.1,2026-04-03 22:00:00
user_8561,2026-04-03 22:03:08.052906,Av. Gigantes,20.657952,-103.415703,27.101098265423616,roadwork,0.8244114201457879,web,1.2,2026-04-03 22:00:00
user_7891,2026-04-20 22:03:08.053035,Av. Gigantes,20.660374,-103.413985,39.17896215303879,incident,0.9498236985725061,web,1.1,2026-04-20 22:00:00
user_2733,2026-04-06 22:03:08.053171,Av. Vallarta,20.644332,-103.406399,53.444538550358565,incident,0.622978864192254,web,1.1,2026-04-06 22:00:00
user_9195,2026-04-17 22:03:08.053312,Av. Vallarta,20.645174,-103.404092,71.92746834958444,incident,0.964687994563793,mobile,1.2,2026-04-17 22:00:00
user_9915,2026-04-22 22:03:08.053452,Av. México,20.651925,-103.394067,33.57397626408271,congestion,0.868123591849244,web,1.2,2026-04-22 22:00:00
user_2917,2026-04-23 22:03:08.053587,Av. Chapultepec,20.657976,-103.384702,44.00880302029025,roadwork,0.7969415487789494,web,1.1,2026-04-23 22:00:00
user_3060,2026-04-26 22:03:08.053776,Av. México,20.650789,-103.393003,74.75988191527401,normal,0.9049372229273174,mobile,1.2,2026-04-26 22:00:00
user_8984,2026-04-25 22:03:08.054020,Av. López Mateos,20.67239,-103.375604,51.77273913028454,incident,0.5621486117427723,web,1.2,2026-04-25 22:00:00
user_6415,2026-04-27 22:03:08.054196,Av. Chapultepec,20.660144,-103.386008,26.372392249416997,normal,0.787236556589956,web,1.0,2026-04-27 22:00:00
user_5820,2026-03-29 22:03:08.054354,Av. Vallarta,20.644405,-103.404412,36.39369299537753,incident,0.7615327123845597,web,1.0,2026-03-29 22:00:00
user_7943,2026-04-20 22:03:08.054472,Av. López Mateos,20.669319,-103.373291,57.37350279193101,roadwork,0.8120507720909188,mobile,1.2,2026-04-20 22:00:00
user_5033,2026-04-05 22:03:08.054580,Av. Chapultepec,20.659827,-103.385719,58.38616229722817,roadwork,0.7714246553067045,web,1.1,2026-04-05 22:00:00
user_6742,2026-04-08 22:03:08.054702,Av. Vallarta,20.645096,-103.406479,62.15631064810394,congestion,0.7477118132019829,web,1.2,2026-04-08 22:00:00
user_1950,2026-04-27 22:03:08.054823,Av. Vallarta,20.644513,-103.404596,39.71812919544489,incident,0.8812293428703453,mobile,1.1,2026-04-27 22:00:00
user_7371,2026-04-13 22:03:08.054937,Av. Chapultepec,20.659075,-103.385413,30.789879300868133,congestion,0.5637443311659912,web,1.2,2026-04-13 22:00:00
user_3891,2026-04-24 22:03:08.055043,Av. López Mateos,20.668981,-103.372024,64.95657844903624,incident,0.6258995294534764,mobile,1.2,2026-04-24 22:00:00
user_1814,2026-04-05 22:03:08.055146,Av. México,20.653999,-103.396178,34.79607619209138,incident,0.9736416698059076,web,1.1,2026-04-05 22:00:00
user_4531,2026-04-17 22:03:08.055250,Av. López Mateos,20.670868,-103.375937,63.07455970951122,roadwork,0.803357523191428,web,1.2,2026-04-17 22:00:00
user_4030,2026-04-24 22:03:08.055367,Av. López Mateos,20.670672,-103.375627,37.569161356031294,congestion,0.6660732063274695,web,1.2,2026-04-24 22:00:00
user_9393,2026-04-19 22:03:08.055479,Av. Vallarta,20.643308,-103.40347,29.81843437109749,congestion,0.9317590703064784,web,1.1,2026-04-19 22:00:00
user_5971,2026-04-17 22:03:08.055599,Av. México,20.650345,-103.394159,44.42262419970388,roadwork,0.5704285101898999,web,1.0,2026-04-17 22:00:00
user_5380,2026-04-11 22:03:08.055708,Av. Gigantes,20.658804,-103.415157,72.73434142418017,normal,0.6063403921706132,mobile,1.2,2026-04-11 22:00:00
user_7704,2026-03-30 22:03:08.055813,Av. Chapultepec,20.660627,-103.386299,42.53196512925456,roadwork,0.797692508660022,mobile,1.1,2026-03-30 22:00:00
user_5524,2026-03-29 22:03:08.055918,Av. Vallarta,20.645198,-103.405144,61.29158290154483,roadwork,0.5328543197141762,web,1.2,2026-03-29 22:00:00
user_6797,2026-04-10 22:03:08.056039,Av. México,20.651605,-103.397651,61.37260277883693,roadwork,0.5776201229653563,mobile,1.0,2026-04-10 22:00:00
user_7305,2026-04-14 22:03:08.056112,Av. Vallarta,20.643592,-103.405778,39.571635431504944,normal,0.9198944297282853,mobile,1.0,2026-04-14 22:00:00
user_9519,2026-04-05 22:03:08.056176,Av. Chapultepec,20.65943,-103.387123,50.11482528415701,incident,0.6696356229480955,mobile,1.2,2026-04-05 22:00:00
user_8970,2026-04-26 22:03:08.056239,Av. Vallarta,20.643778,-103.404287,57.207958621854075,normal,0.9034250744812931,web,1.0,2026-04-26 22:00:00
user_7150,2026-04-10 22:03:08.056301,Av. López Mateos,20.66906,-103.376693,31.492006722192848,incident,0.542754265427234,mobile,1.0,2026-04-10 22:00:00
user_7852,2026-04-27 22:03:08.056395,Av. Vallarta,20.646367,-103.404042,26.377481535763163,incident,0.6815296060975453,mobile,1.0,2026-04-27 22:00:00
user_8083,2026-04-26 22:03:08.056501,Av. López Mateos,20.669184,-103.373753,12.451834694387124,roadwork,0.9742266534810784,web,1.0,2026-04-26 22:00:00
user_5223,2026-04-05 22:03:08.056617,Av. México,20.652284,-103.394961,44.03560969334253,congestion,0.634338679692473,web,1.1,2026-04-05 22:00:00
user_3541,2026-04-06 22:03:08.056689,Av. López Mateos,20.668657,-103.376358,37.95841629885681,normal,0.5661381055626652,mobile,1.0,2026-04-06 22:00:00
user_6796,2026-04-11 22:03:08.056754,Av. México,20.65037,-103.394448,60.437334559884654,roadwork,0.5532893650643371,web,1.0,2026-04-11 22:00:00
user_9646,2026-04-03 22:03:08.056820,Av. Vallarta,20.645473,-103.403379,68.55741952891708,incident,0.9572059729624799,web,1.0,2026-04-03 22:00:00
user_4067,2026-04-26 22:03:08.056882,Av. Gigantes,20.657581,-103.413545,47.208117440544044,congestion,0.6946478070209883,web,1.2,2026-04-26 22:00:00
user_2333,2026-04-25 22:03:08.056944,Av. Gigantes,20.657777,-103.415976,60.80462694911759,incident,0.6983246865260271,web,1.1,2026-04-25 22:00:00
user_2762,2026-04-13 22:03:08.057006,Av. López Mateos,20.668245,-103.375124,48.53999635015996,roadwork,0.7984214244584447,web,1.0,2026-04-13 22:00:00
user_6136,2026-04-20 22:03:08.057067,Av. México,20.652233,-103.397119,39.73702039539691,congestion,0.7477456581030992,mobile,1.1,2026-04-20 22:00:00
user_5203,2026-04-23 22:03:08.057129,Av. Chapultepec,20.660208,-103.386062,28.683285971073573,incident,0.5515468730068724,mobile,1.2,2026-04-23 22:00:00
user_2341,2026-04-16 22:03:08.057191,Av. Vallarta,20.645929,-103.404782,74.18806927241526,normal,0.9364729179382041,web,1.2,2026-04-16 22:00:00
user_9901,2026-04-12 22:03:08.057252,Av. López Mateos,20.670805,-103.37407,65.32267758559874,congestion,0.9720296698433066,mobile,1.1,2026-04-12 22:00:00
user_1390,2026-04-02 22:03:08.057313,Av. Chapultepec,20.660529,-103.385228,25.84877136269536,incident,0.5602612893932322,mobile,1.0,2026-04-02 22:00:00
user_3419,2026-03-29 22:03:08.057374,Av. Vallarta,20.64496,-103.404318,38.0182472639392,incident,0.8222733253129111,web,1.2,2026-03-29 22:00:00
user_3983,2026-04-25 22:03:08.057445,Av. Vallarta,20.645887,-103.405856,86.12817510404875,incident,0.8623833857643808,web,1.2,2026-04-25 22:00:00
user_9684,2026-04-15 22:03:08.057509,Av. Chapultepec,20.661542,-103.385015,24.75804642861715,roadwork,0.7309714252877938,web,1.1,2026-04-15 22:00:00
user_8206,2026-04-25 22:03:08.057572,Av. Vallarta,20.645586,-103.404918,60.98220562598027,incident,0.6753559077258551,web,1.0,2026-04-25 22:00:00
user_4511,2026-04-12 22:03:08.057634,Av. López Mateos,20.669976,-103.375555,34.83436491562433,incident,0.7088833910836669,mobile,1.0,2026-04-12 22:00:00
user_9567,2026-04-14 22:03:08.057696,Av. Chapultepec,20.657979,-103.38592,40.773230867092394,incident,0.9264109108459506,web,1.1,2026-04-14 22:00:00
user_9056,2026-04-11 22:03:08.057757,Av. López Mateos,20.669965,-103.374766,28.94132880484249,incident,0.8989946610716917,mobile,1.2,2026-04-11 22:00:00
user_9202,2026-04-14 22:03:08.057818,Av. Gigantes,20.658683,-103.414016,41.790167336617365,incident,0.8067056946053539,mobile,1.2,2026-04-14 22:00:00
user_6429,2026-03-30 22:03:08.057913,Av. Gigantes,20.657851,-103.415659,49.33752965861727,incident,0.5234726785739066,mobile,1.1,2026-03-30 22:00:00
user_2796,2026-04-22 22:03:08.058024,Av. Chapultepec,20.661955,-103.384945,35.656942553650744,incident,0.9845513150704057,mobile,1.0,2026-04-22 22:00:00
user_8657,2026-04-01 22:03:08.058100,Av. Vallarta,20.645631,-103.402546,17.537769387094727,congestion,0.5769479531699275,web,1.2,2026-04-01 22:00:00
user_5675,2026-04-19 22:03:08.058177,Av. López Mateos,20.673167,-103.374797,22.263838275041522,incident,0.9300634082089618,mobile,1.0,2026-04-19 22:00:00
user_6016,2026-04-25 22:03:08.058245,Av. Vallarta,20.644819,-103.406762,52.60101993730257,roadwork,0.5434933799557051,web,1.2,2026-04-25 22:00:00
user_9228,2026-04-22 22:03:08.058308,Av. Vallarta,20.644799,-103.405033,71.91836795276681,normal,0.554734430027227,web,1.0,2026-04-22 22:00:00
user_3396,2026-03-29 22:03:08.058372,Av. López Mateos,20.669984,-103.373812,47.270542118555646,normal,0.8390080762795318,mobile,1.0,2026-03-29 22:00:00
user_4239,2026-04-12 22:03:08.058434,Av. López Mateos,20.670863,-103.374843,70.96980869863765,normal,0.925290864547121,mobile,1.0,2026-04-12 22:00:00
user_5286,2026-04-18 22:03:08.058496,Av. López Mateos,20.670502,-103.374143,31.075958228753244,congestion,0.9404353795994642,web,1.0,2026-04-18 22:00:00
user_4998,2026-04-21 22:03:08.058559,Av. Vallarta,20.645594,-103.405542,54.5833656890516,incident,0.9089835120595311,web,1.0,2026-04-21 22:00:00
user_2136,2026-04-15 22:03:08.058620,Av. López Mateos,20.669218,-103.375615,30.13229535584925,incident,0.8170028515498057,web,1.0,2026-04-15 22:00:00
user_6352,2026-04-21 22:03:08.058682,Av. Vallarta,20.645154,-103.405391,34.94352649430611,normal,0.9200607513706094,web,1.2,2026-04-21 22:00:00
user_2040,2026-04-01 22:03:08.058744,Av. López Mateos,20.669554,-103.374806,56.27853927049048,incident,0.6729415284764784,web,1.2,2026-04-01 22:00:00
user_9220,2026-04-21 22:03:08.058806,Av. México,20.652977,-103.394633,37.11291919030565,roadwork,0.9107564737037205,mobile,1.2,2026-04-21 22:00:00
user_8266,2026-04-24 22:03:08.058868,Av. Vallarta,20.644887,-103.406225,26.55195932638778,roadwork,0.9129603828999483,mobile,1.1,2026-04-24 22:00:00
user_1988,2026-04-11 22:03:08.058929,Av. Gigantes,20.657822,-103.41628,58.08685992420217,congestion,0.9547622554739092,mobile,1.2,2026-04-11 22:00:00
user_6626,2026-04-25 22:03:08.058991,Av. Gigantes,20.656474,-103.415692,58.468328081405126,roadwork,0.8729185060154822,mobile,1.0,2026-04-25 22:00:00
user_3255,2026-04-16 22:03:08.059053,Av. Chapultepec,20.659293,-103.384998,70.812454456793,roadwork,0.9840967139573609,web,1.0,2026-04-16 22:00:00
user_1959,2026-04-21 22:03:08.059131,Av. Chapultepec,20.661127,-103.387981,52.70752789598319,incident,0.808325157260369,web,1.2,2026-04-21 22:00:00
user_6797,2026-04-19 22:03:08.059211,Av. Chapultepec,20.659243,-103.386926,54.09247635917184,normal,0.7457972733707184,mobile,1.1,2026-04-19 22:00:00
user_4788,2026-04-17 22:03:08.059273,Av. López Mateos,20.670841,-103.375653,43.21503036403659,incident,0.6962467782033424,web,1.2,2026-04-17 22:00:00
user_4496,2026-04-22 22:03:08.059336,Av. Vallarta,20.643822,-103.404214,51.38186342677447,normal,0.862142654063206,mobile,1.0,2026-04-22 22:00:00
user_9783,2026-04-13 22:03:08.059415,Av. Chapultepec,20.659663,-103.386412,22.912374329384868,congestion,0.779824341743457,web,1.1,2026-04-13 22:00:00
user_2949,2026-04-19 22:03:08.059523,Av. Gigantes,20.65791,-103.414937,33.29288990511985,congestion,0.9122570234484169,web,1.1,2026-04-19 22:00:00
user_9619,2026-04-18 22:03:08.059630,Av. México,20.652919,-103.394447,49.132658435223796,roadwork,0.9481106513425192,mobile,1.1,2026-04-18 22:00:00
user_9907,2026-04-10 22:03:08.059701,Av. Chapultepec,20.658701,-103.38544,35.295948334416394,normal,0.9736752313155194,web,1.1,2026-04-10 22:00:00
user_1458,2026-04-21 22:03:08.059782,Av. Gigantes,20.65905,-103.415535,46.71800049323196,incident,0.891916276709431,mobile,1.2,2026-04-21 22:00:00
user_8179,2026-04-10 22:03:08.059891,Av. Chapultepec,20.66045,-103.385722,26.78221566526095,roadwork,0.825147092936727,mobile,1.0,2026-04-10 22:00:00
user_3356,2026-04-05 22:03:08.060026,Av. Vallarta,20.643968,-103.405529,44.634681116085254,incident,0.510430569645769,mobile,1.1,2026-04-05 22:00:00
user_7236,2026-04-25 22:03:08.060138,Av. López Mateos,20.672142,-103.376128,53.46416082040105,incident,0.5153262511029031,mobile,1.2,2026-04-25 22:00:00
user_4453,2026-04-23 22:03:08.060245,Av. Gigantes,20.659131,-103.415275,48.36677727839958,normal,0.5146972228782536,web,1.1,2026-04-23 22:00:00
user_2394,2026-04-09 22:03:08.060352,Av. México,20.653047,-103.3944,62.00320161754058,incident,0.9561816728083454,web,1.2,2026-04-09 22:00:00
user_4591,2026-04-27 22:03:08.060466,Av. López Mateos,20.671246,-103.375127,69.85482704557162,incident,0.6187716624619388,web,1.1,2026-04-27 22:00:00
user_2525,2026-03-29 22:03:08.060572,Av. López Mateos,20.66846,-103.375026,62.59093528889047,normal,0.7025103995401607,web,1.2,2026-03-29 22:00:00
user_9219,2026-04-11 22:03:08.060684,Av. Chapultepec,20.658814,-103.385224,57.109396872166265,roadwork,0.7942063166703027,web,1.0,2026-04-11 22:00:00
user_6724,2026-04-12 22:03:08.060805,Av. Vallarta,20.643754,-103.40515,59.93322878043418,incident,0.8346952007296806,mobile,1.0,2026-04-12 22:00:00
user_1575,2026-04-27 22:03:08.060924,Av. López Mateos,20.670649,-103.376392,25.552473487787566,roadwork,0.8682010075328203,mobile,1.0,2026-04-27 22:00:00
user_2390,2026-03-31 22:03:08.061029,Av. Chapultepec,20.657987,-103.385118,51.45062470786604,roadwork,0.7790701247969314,mobile,1.0,2026-03-31 22:00:00
user_1281,2026-04-23 22:03:08.061095,Av. Gigantes,20.657928,-103.415037,55.98960115823369,congestion,0.5516544785620079,mobile,1.1,2026-04-23 22:00:00
user_6342,2026-04-03 22:03:08.061166,Av. Gigantes,20.657919,-103.414861,51.78802337732002,normal,0.7577980142896251,web,1.2,2026-04-03 22:00:00
user_2969,2026-03-29 22:03:08.061268,Av. Gigantes,20.656934,-103.414908,54.191608575938545,incident,0.5941745418828007,mobile,1.0,2026-03-29 22:00:00
user_8705,2026-04-10 22:03:08.061385,Av. López Mateos,20.668947,-103.375103,44.598084800465045,normal,0.9323044179775184,mobile,1.2,2026-04-10 22:00:00
user_4124,2026-04-09 22:03:08.061492,Av. Chapultepec,20.660606,-103.384313,57.58777301574468,incident,0.8289226523015181,web,1.1,2026-04-09 22:00:00
user_8114,2026-04-19 22:03:08.061611,Av. Chapultepec,20.661315,-103.385835,48.0928647304399,normal,0.8252558238958578,web,1.1,2026-04-19 22:00:00
user_2000,2026-04-10 22:03:08.061721,Av. Gigantes,20.659047,-103.41443,56.84850120056811,congestion,0.5601045276853043,web,1.2,2026-04-10 22:00:00
user_5806,2026-04-02 22:03:08.061837,Av. Chapultepec,20.659109,-103.384391,23.069460427471718,roadwork,0.8477336033449311,web,1.0,2026-04-02 22:00:00
user_7059,2026-04-25 22:03:08.061951,Av. Chapultepec,20.660564,-103.383254,45.625335556979124,normal,0.8341063992775082,web,1.1,2026-04-25 22:00:00
user_2177,2026-04-12 22:03:08.062102,Av. Chapultepec,20.659268,-103.384518,40.12752924737066,congestion,0.6900978093929285,web,1.0,2026-04-12 22:00:00
user_6445,2026-04-05 22:03:08.062223,Av. Gigantes,20.655584,-103.415533,57.82350569431065,roadwork,0.5091162913381808,mobile,1.2,2026-04-05 22:00:00
user_5146,2026-04-17 22:03:08.062344,Av. López Mateos,20.670979,-103.375253,50.88126794551304,roadwork,0.5985770632864387,mobile,1.1,2026-04-17 22:00:00
user_9564,2026-04-12 22:03:08.062572,Av. Vallarta,20.644966,-103.40595,30.171133392736238,roadwork,0.7661301066695201,web,1.1,2026-04-12 22:00:00
user_7787,2026-04-15 22:03:08.062683,Av. Gigantes,20.656896,-103.415717,68.38019865133474,incident,0.5609430466684737,mobile,1.2,2026-04-15 22:00:00
user_8102,2026-04-21 22:03:08.062792,Av. Gigantes,20.658105,-103.416334,47.40714310498269,incident,0.9588762445856887,web,1.1,2026-04-21 22:00:00
user_7284,2026-04-13 22:03:08.062903,Av. Chapultepec,20.658563,-103.385023,10.846309528505884,roadwork,0.8189926028966488,mobile,1.1,2026-04-13 22:00:00
user_6752,2026-04-18 22:03:08.063012,Av. Gigantes,20.657298,-103.415663,26.342051469130723,congestion,0.6510302509173975,web,1.2,2026-04-18 22:00:00
user_6010,2026-04-10 22:03:08.063113,Av. Gigantes,20.657307,-103.41318,32.57709028101355,normal,0.5748519839784789,mobile,1.1,2026-04-10 22:00:00
user_1630,2026-04-26 22:03:08.063210,Av. López Mateos,20.670524,-103.375735,25.322398077537468,congestion,0.820985750221633,web,1.2,2026-04-26 22:00:00
user_9632,2026-03-30 22:03:08.063313,Av. Vallarta,20.645144,-103.405557,24.452955306313832,incident,0.5708871967635509,web,1.2,2026-03-30 22:00:00
user_7602,2026-03-30 22:03:08.063414,Av. López Mateos,20.669382,-103.373104,49.540280234939786,incident,0.9527623961648369,mobile,1.1,2026-03-30 22:00:00
user_6189,2026-04-01 22:03:08.063520,Av. Gigantes,20.657466,-103.415582,29.778649039606996,congestion,0.8085778916978235,mobile,1.0,2026-04-01 22:00:00
user_2735,2026-04-22 22:03:08.063638,Av. Gigantes,20.658234,-103.416556,51.93939503071654,congestion,0.7284293224401843,web,1.1,2026-04-22 22:00:00
user_5211,2026-03-29 22:03:08.063741,Av. México,20.654118,-103.393327,51.28528514049068,normal,0.7902375033583373,web,1.0,2026-03-29 22:00:00
user_1207,2026-04-05 22:03:08.063846,Av. López Mateos,20.671311,-103.374306,21.659899008394753,roadwork,0.878081664447623,mobile,1.2,2026-04-05 22:00:00
user_1148,2026-03-29 22:03:08.063943,Av. López Mateos,20.668178,-103.375753,56.839734177819,normal,0.8117928440013799,web,1.2,2026-03-29 22:00:00
user_3785,2026-04-08 22:03:08.064056,Av. Chapultepec,20.659655,-103.383034,34.76948425201029,congestion,0.5438213733819193,mobile,1.0,2026-04-08 22:00:00
user_8574,2026-03-29 22:03:08.064150,Av. Chapultepec,20.658326,-103.38419,45.58745856542788,incident,0.8002971666803087,mobile,1.1,2026-03-29 22:00:00
user_9435,2026-03-31 22:03:08.064242,Av. Vallarta,20.645365,-103.403598,46.22744037821347,roadwork,0.8371519032045243,web,1.1,2026-03-31 22:00:00
user_8842,2026-04-19 22:03:08.064337,Av. Vallarta,20.644901,-103.405668,59.88063524304784,incident,0.5768955748340155,mobile,1.1,2026-04-19 22:00:00
user_9984,2026-04-26 22:03:08.064430,Av. Gigantes,20.658712,-103.41488,15.462790710396789,roadwork,0.7435309594094679,web,1.1,2026-04-26 22:00:00
user_2048,2026-04-22 22:03:08.064531,Av. López Mateos,20.669782,-103.374713,43.26566827563817,congestion,0.6837672111457658,web,1.0,2026-04-22 22:00:00
user_8179,2026-04-15 22:03:08.064635,Av. México,20.650419,-103.394964,43.94251832911363,congestion,0.9682245869418302,web,1.1,2026-04-15 22:00:00
user_5349,2026-03-30 22:03:08.064741,Av. López Mateos,20.670487,-103.374717,33.1007715924949,incident,0.8251005461990767,mobile,1.2,2026-03-30 22:00:00
user_5737,2026-04-03 22:03:08.064842,Av. Vallarta,20.643669,-103.404722,69.59232989126254,roadwork,0.8475176144292766,mobile,1.2,2026-04-03 22:00:00
user_9591,2026-04-21 22:03:08.064965,Av. Vallarta,20.644901,-103.405709,57.81690940192041,normal,0.809025837143593,web,1.2,2026-04-21 22:00:00
user_1419,2026-03-30 22:03:08.065081,Av. Chapultepec,20.658767,-103.386202,6.691182976470678,roadwork,0.8960468168802715,mobile,1.1,2026-03-30 22:00:00
user_2549,2026-04-06 22:03:08.065201,Av. López Mateos,20.670934,-103.37462,12.392681156479533,roadwork,0.8668071902807011,web,1.0,2026-04-06 22:00:00
user_8758,2026-04-22 22:03:08.065306,Av. México,20.651767,-103.396046,71.23862433065293,normal,0.7676550657262958,mobile,1.0,2026-04-22 22:00:00
user_3385,2026-04-07 22:03:08.065419,Av. López Mateos,20.670794,-103.374584,61.1427498199548,congestion,0.9797883221605167,web,1.0,2026-04-07 22:00:00
user_3355,2026-04-07 22:03:08.065525,Av. Vallarta,20.645816,-103.406308,34.69626366311269,incident,0.5750243323469921,web,1.1,2026-04-07 22:00:00
user_7164,2026-04-22 22:03:08.065635,Av. Vallarta,20.644542,-103.406372,20.796579031848882,incident,0.9460423444701171,mobile,1.0,2026-04-22 22:00:00
user_4897,2026-04-10 22:03:08.065752,Av. Chapultepec,20.659302,-103.38588,57.133938007069474,normal,0.8186007384041403,web,1.2,2026-04-10 22:00:00
user_8340,2026-04-04 22:03:08.065855,Av. Chapultepec,20.65879,-103.38614,47.525927887128695,roadwork,0.552846739953137,web,1.0,2026-04-04 22:00:00
user_9599,2026-04-09 22:03:08.065960,Av. López Mateos,20.670793,-103.373772,8.491466151779484,roadwork,0.6482677906438277,mobile,1.2,2026-04-09 22:00:00
user_9964,2026-04-17 22:03:08.066089,Av. Vallarta,20.645186,-103.406047,53.049791287909294,incident,0.9152672282024199,web,1.1,2026-04-17 22:00:00
user_3376,2026-04-20 22:03:08.066185,Av. Gigantes,20.658174,-103.414754,26.211164814517566,congestion,0.6277067423426097,web,1.1,2026-04-20 22:00:00
user_7910,2026-03-29 22:03:08.066274,Av. Chapultepec,20.658998,-103.385044,77.47503517351626,incident,0.6611077517223142,web,1.2,2026-03-29 22:00:00
user_9714,2026-04-12 22:03:08.066380,Av. México,20.653456,-103.393201,32.56443812470188,normal,0.7160384414720979,web,1.1,2026-04-12 22:00:00
user_1685,2026-04-08 22:03:08.066482,Av. Chapultepec,20.659702,-103.386011,33.59399888500041,congestion,0.822905406327603,mobile,1.1,2026-04-08 22:00:00
user_8165,2026-04-07 22:03:08.066579,Av. Chapultepec,20.659802,-103.387159,63.20597156588763,normal,0.778906612755535,mobile,1.2,2026-04-07 22:00:00
user_4537,2026-04-15 22:03:08.066690,Av. Vallarta,20.64486,-103.404705,19.237563987888606,incident,0.565864386727281,mobile,1.2,2026-04-15 22:00:00
user_9652,2026-04-04 22:03:08.066803,Av. México,20.65203,-103.396492,67.17190239259892,congestion,0.75418027345814,mobile,1.1,2026-04-04 22:00:00
user_7279,2026-04-23 22:03:08.066905,Av. Vallarta,20.644504,-103.403998,48.075400305928184,incident,0.7790211625744835,web,1.0,2026-04-23 22:00:00
user_9033,2026-04-18 22:03:08.067008,Av. Gigantes,20.657791,-103.415851,48.90994249725611,normal,0.907559192240184,mobile,1.2,2026-04-18 22:00:00
user_3979,2026-04-08 22:03:08.067108,Av. México,20.650599,-103.393803,35.85325643520927,incident,0.9240238955653859,web,1.1,2026-04-08 22:00:00
user_8604,2026-04-26 22:03:08.067215,Av. Gigantes,20.657215,-103.414352,23.252151517786412,roadwork,0.9209851857483544,web,1.2,2026-04-26 22:00:00
user_2929,2026-04-24 22:03:08.067311,Av. López Mateos,20.668894,-103.375288,30.876157239740316,normal,0.6086045488456053,web,1.0,2026-04-24 22:00:00
user_3563,2026-04-11 22:03:08.067409,Av. López Mateos,20.669584,-103.376181,71.88233866140948,congestion,0.7899918937140656,mobile,1.1,2026-04-11 22:00:00
user_4390,2026-03-31 22:03:08.067474,Av. México,20.652081,-103.393394,68.43689260293172,incident,0.5744998680746217,web,1.0,2026-03-31 22:00:00
user_9623,2026-04-24 22:03:08.067541,Av. Gigantes,20.658696,-103.414045,31.43227966515851,congestion,0.7170096830869377,web,1.2,2026-04-24 22:00:00
user_2283,2026-04-06 22:03:08.067603,Av. Gigantes,20.657697,-103.414227,58.233236737002116,normal,0.892825809040116,mobile,1.2,2026-04-06 22:00:00
user_6624,2026-04-12 22:03:08.067665,Av. Gigantes,20.659199,-103.416937,50.34250315837264,roadwork,0.5130983542660323,mobile,1.1,2026-04-12 22:00:00
user_7900,2026-04-09 22:03:08.067728,Av. López Mateos,20.670049,-103.374571,47.95950629989278,roadwork,0.6296483794328869,web,1.1,2026-04-09 22:00:00
user_3096,2026-04-08 22:03:08.067790,Av. Vallarta,20.644309,-103.407224,55.407836445118825,normal,0.5667399862079718,web,1.1,2026-04-08 22:00:00
user_1685,2026-04-24 22:03:08.067852,Av. México,20.651897,-103.3949,47.18942414569725,normal,0.5656747040724533,mobile,1.2,2026-04-24 22:00:00
user_2431,2026-03-29 22:03:08.067913,Av. Gigantes,20.658353,-103.414878,43.49768885280071,normal,0.6378599265477761,mobile,1.1,2026-03-29 22:00:00
user_8896,2026-04-18 22:03:08.067975,Av. México,20.651796,-103.394086,32.95231573979483,congestion,0.6340695100477567,mobile,1.0,2026-04-18 22:00:00
user_1671,2026-04-21 22:03:08.068047,Av. Gigantes,20.655576,-103.414116,48.70616066709455,roadwork,0.9410678071410301,mobile,1.1,2026-04-21 22:00:00
user_5260,2026-04-03 22:03:08.068114,Av. México,20.652087,-103.396563,37.06420983980558,incident,0.9897754201908784,mobile,1.2,2026-04-03 22:00:00
user_6976,2026-04-09 22:03:08.068176,Av. México,20.651443,-103.396064,35.889816018518175,congestion,0.9253080289205688,mobile,1.0,2026-04-09 22:00:00
user_5624,2026-04-21 22:03:08.068240,Av. Chapultepec,20.661129,-103.384488,10.737782137764896,incident,0.5408626728733892,web,1.1,2026-04-21 22:00:00
user_4137,2026-04-06 22:03:08.068304,Av. Chapultepec,20.658405,-103.385718,69.48978746545696,normal,0.5311365529409429,web,1.1,2026-04-06 22:00:00
user_2854,2026-04-09 22:03:08.068369,Av. Gigantes,20.657739,-103.414928,44.67291992877248,congestion,0.6006818910679872,mobile,1.0,2026-04-09 22:00:00
user_6774,2026-04-08 22:03:08.068445,Av. Gigantes,20.659583,-103.414725,49.84618909674044,incident,0.5808099056429357,web,1.2,2026-04-08 22:00:00
user_5976,2026-04-02 22:03:08.068572,Av. López Mateos,20.669748,-103.374683,44.52122258034957,roadwork,0.7762568073913626,web,1.1,2026-04-02 22:00:00
user_3274,2026-04-08 22:03:08.068689,Av. Vallarta,20.645083,-103.404119,49.48129362548529,congestion,0.6986906952426583,mobile,1.2,2026-04-08 22:00:00
user_6416,2026-03-31 22:03:08.068793,Av. López Mateos,20.669248,-103.376831,48.009777059335306,normal,0.638220845291698,web,1.2,2026-03-31 22:00:00
user_7971,2026-04-20 22:03:08.068899,Av. Chapultepec,20.660265,-103.385692,59.73860195441666,roadwork,0.8067365693195881,mobile,1.2,2026-04-20 22:00:00
user_1612,2026-04-20 22:03:08.069002,Av. Vallarta,20.645656,-103.405335,38.94527305137005,normal,0.8271462761624809,mobile,1.0,2026-04-20 22:00:00
user_9766,2026-04-27 22:03:08.069099,Av. Gigantes,20.657141,-103.413858,29.134265278949186,incident,0.8173356366269707,web,1.1,2026-04-27 22:00:00
user_9004,2026-04-01 22:03:08.069200,Av. México,20.651959,-103.396189,41.1712208684662,congestion,0.5465152432300135,web,1.0,2026-04-01 22:00:00
user_1264,2026-03-30 22:03:08.069305,Av. Gigantes,20.657195,-103.414404,47.52691464404421,roadwork,0.8797912050573159,mobile,1.2,2026-03-30 22:00:00
user_1587,2026-04-07 22:03:08.069413,Av. México,20.653318,-103.395165,64.58954875990783,normal,0.7627174562728465,web,1.0,2026-04-07 22:00:00
user_7450,2026-04-19 22:03:08.069513,Av. Gigantes,20.657435,-103.415411,69.23063534204162,congestion,0.7177527271990797,web,1.1,2026-04-19 22:00:00
user_9915,2026-04-13 22:03:08.069613,Av. Chapultepec,20.659178,-103.385603,63.376985222518115,congestion,0.838088781037717,web,1.2,2026-04-13 22:00:00
user_7144,2026-04-08 22:03:08.069719,Av. Gigantes,20.657077,-103.414496,37.36207139271804,roadwork,0.6701900463333375,web,1.0,2026-04-08 22:00:00
user_8568,2026-04-16 22:03:08.069825,Av. López Mateos,20.670778,-103.374486,47.69372672909397,roadwork,0.9036980151699756,web,1.0,2026-04-16 22:00:00
user_3454,2026-04-01 22:03:08.069932,Av. México,20.652859,-103.394654,39.31005120242507,incident,0.7301791356009631,web,1.0,2026-04-01 22:00:00
user_9787,2026-04-01 22:03:08.070037,Av. Vallarta,20.643861,-103.403692,39.340826911744664,congestion,0.5210123375857026,web,1.1,2026-04-01 22:00:00
user_6075,2026-03-31 22:03:08.070146,Av. México,20.652541,-103.394115,45.582983430728454,congestion,0.6523755476930666,mobile,1.0,2026-03-31 22:00:00
user_1933,2026-04-04 22:03:08.070267,Av. Gigantes,20.658154,-103.415776,76.36927353636878,congestion,0.7703492383224552,web,1.0,2026-04-04 22:00:00
user_2762,2026-04-03 22:03:08.070379,Av. Chapultepec,20.659481,-103.385803,56.18106296018102,congestion,0.5240714179891768,web,1.1,2026-04-03 22:00:00
user_4198,2026-04-04 22:03:08.070489,Av. Chapultepec,20.658614,-103.386698,25.902603461362006,roadwork,0.5394845810954143,mobile,1.1,2026-04-04 22:00:00
user_2492,2026-04-17 22:03:08.070667,Av. Chapultepec,20.658942,-103.387192,33.993180393219546,normal,0.6101126506886576,web,1.0,2026-04-17 22:00:00
user_8468,2026-04-04 22:03:08.070809,Av. López Mateos,20.670036,-103.374025,52.51641254909768,roadwork,0.7152137051604951,web,1.1,2026-04-04 22:00:00
user_7748,2026-04-09 22:03:08.070941,Av. Gigantes,20.65688,-103.41511,66.4825521528695,roadwork,0.6187167341874031,mobile,1.1,2026-04-09 22:00:00
user_3007,2026-04-26 22:03:08.071046,Av. Gigantes,20.657728,-103.412829,42.36171281351495,incident,0.7364485664054524,mobile,1.0,2026-04-26 22:00:00
user_4451,2026-04-09 22:03:08.071195,Av. Chapultepec,20.660307,-103.385294,7.472957079182052,congestion,0.7410205290560412,web,1.1,2026-04-09 22:00:00
user_7796,2026-04-11 22:03:08.071343,Av. Vallarta,20.643467,-103.406288,5.528521748701408,congestion,0.5027528995802104,web,1.0,2026-04-11 22:00:00
user_1340,2026-04-21 22:03:08.071474,Av. Vallarta,20.644515,-103.404225,23.239321233847853,incident,0.6467444116040608,web,1.0,2026-04-21 22:00:00
user_1855,2026-04-11 22:03:08.071582,Av. Chapultepec,20.659183,-103.386081,57.80569568524242,congestion,0.672611571400846,mobile,1.2,2026-04-11 22:00:00
user_4628,2026-04-14 22:03:08.071687,Av. Chapultepec,20.659436,-103.38609,24.334488403247214,normal,0.9411292780474239,mobile,1.0,2026-04-14 22:00:00
user_7246,2026-04-15 22:03:08.071790,Av. López Mateos,20.668142,-103.376581,58.425574711141735,normal,0.9105991412751133,web,1.0,2026-04-15 22:00:00
user_1989,2026-04-24 22:03:08.071898,Av. Vallarta,20.644623,-103.404424,53.81894614101587,congestion,0.5605125002425966,web,1.0,2026-04-24 22:00:00
user_6889,2026-04-19 22:03:08.072005,Av. Chapultepec,20.660586,-103.387174,31.557158065250096,roadwork,0.8230480875025314,web,1.1,2026-04-19 22:00:00
user_5658,2026-04-10 22:03:08.072111,Av. Vallarta,20.644901,-103.404981,48.100860708674915,normal,0.5859242406635472,web,1.2,2026-04-10 22:00:00
user_5008,2026-04-11 22:03:08.072222,Av. López Mateos,20.670759,-103.376144,46.62839558664785,incident,0.7662463497185733,mobile,1.0,2026-04-11 22:00:00
user_5318,2026-03-29 22:03:08.072328,Av. López Mateos,20.670798,-103.375196,65.03708499737242,incident,0.9228021814949534,web,1.2,2026-03-29 22:00:00
user_5020,2026-04-19 22:03:08.072437,Av. México,20.651859,-103.395739,42.47917401467453,incident,0.8944925799603967,web,1.1,2026-04-19 22:00:00
user_4134,2026-04-19 22:03:08.072546,Av. Vallarta,20.647191,-103.406379,43.82594004294878,normal,0.6872764435100607,web,1.0,2026-04-19 22:00:00
user_8611,2026-04-18 22:03:08.072654,Av. Gigantes,20.657654,-103.415154,51.45859008141073,incident,0.8184511587273716,mobile,1.2,2026-04-18 22:00:00
user_9767,2026-04-22 22:03:08.072756,Av. Vallarta,20.643317,-103.405806,20.56664724638228,normal,0.7901107593925147,web,1.0,2026-04-22 22:00:00
user_8597,2026-04-02 22:03:08.072864,Av. Gigantes,20.659272,-103.416115,46.46513783340419,incident,0.9628186650126679,mobile,1.1,2026-04-02 22:00:00
user_3169,2026-04-23 22:03:08.072968,Av. Vallarta,20.643196,-103.405355,55.45431606766103,normal,0.9974289865296608,mobile,1.0,2026-04-23 22:00:00
user_4236,2026-04-12 22:03:08.073469,Av. López Mateos,20.669666,-103.37654,22.705844550745592,congestion,0.7768557426790056,web,1.0,2026-04-12 22:00:00
user_2439,2026-04-18 22:03:08.073564,Av. López Mateos,20.669781,-103.373772,32.099087173153876,congestion,0.6712239894173566,web,1.0,2026-04-18 22:00:00
user_2627,2026-04-27 22:03:08.073649,Av. Gigantes,20.658557,-103.414829,63.90311109118258,roadwork,0.5695983506728477,mobile,1.0,2026-04-27 22:00:00
user_4170,2026-04-11 22:03:08.073733,Av. México,20.64947,-103.395286,49.37792643000022,congestion,0.8962606959814596,mobile,1.0,2026-04-11 22:00:00
user_4730,2026-04-23 22:03:08.073838,Av. López Mateos,20.670899,-103.374915,43.730211872273586,roadwork,0.9820144235827568,mobile,1.1,2026-04-23 22:00:00
user_7538,2026-04-06 22:03:08.074100,Av. Vallarta,20.644405,-103.407098,34.82205996952886,normal,0.6378837841256785,web,1.1,2026-04-06 22:00:00
user_8166,2026-04-08 22:03:08.074522,Av. Gigantes,20.658076,-103.415909,45.43313584723515,roadwork,0.687664953959801,web,1.2,2026-04-08 22:00:00
user_3808,2026-04-01 22:03:08.074671,Av. Chapultepec,20.657685,-103.383564,65.44010793550586,congestion,0.9903696717917148,web,1.2,2026-04-01 22:00:00
user_2863,2026-04-19 22:03:08.074783,Av. Gigantes,20.657168,-103.415107,65.85641211609573,normal,0.5015839242903508,mobile,1.0,2026-04-19 22:00:00
user_8661,2026-04-15 22:03:08.074899,Av. Chapultepec,20.659365,-103.384496,55.840440142839284,incident,0.7384217341589085,mobile,1.1,2026-04-15 22:00:00
user_1276,2026-03-29 22:03:08.075050,Av. Vallarta,20.644138,-103.404921,61.19315431217461,normal,0.9098989024923638,mobile,1.2,2026-03-29 22:00:00
user_7144,2026-04-23 22:03:08.075178,Av. Chapultepec,20.659376,-103.385856,47.708748099125444,roadwork,0.8068020571187292,web,1.2,2026-04-23 22:00:00
user_9605,2026-04-24 22:03:08.075276,Av. Chapultepec,20.659645,-103.38646,59.62576642955203,roadwork,0.5330049220701207,mobile,1.2,2026-04-24 22:00:00
user_3130,2026-04-15 22:03:08.075497,Av. Gigantes,20.659725,-103.414328,16.595779995693213,normal,0.5564658213430056,web,1.1,2026-04-15 22:00:00
user_2497,2026-04-26 22:03:08.075666,Av. Gigantes,20.658213,-103.415179,46.23769048984784,congestion,0.8334272105071339,mobile,1.1,2026-04-26 22:00:00
user_8398,2026-03-30 22:03:08.075746,Av. Vallarta,20.645829,-103.405194,21.888104363536996,congestion,0.6096369809619379,mobile,1.0,2026-03-30 22:00:00
user_1182,2026-04-06 22:03:08.075860,Av. Vallarta,20.644867,-103.403639,25.36769401321332,roadwork,0.9334667341759418,web,1.1,2026-04-06 22:00:00
user_7555,2026-04-10 22:03:08.075941,Av. Gigantes,20.657351,-103.414811,33.49520084796417,roadwork,0.7762504837039446,mobile,1.0,2026-04-10 22:00:00
user_7046,2026-04-05 22:03:08.075990,Av. Vallarta,20.643966,-103.405739,58.34874498847753,incident,0.9409960848608179,web,1.1,2026-04-05 22:00:00
user_6086,2026-04-03 22:03:08.076035,Av. Vallarta,20.644343,-103.406538,53.404596619846586,incident,0.6380847789104498,web,1.0,2026-04-03 22:00:00
user_6951,2026-04-16 22:03:08.076081,Av. México,20.651384,-103.397073,38.56422109728224,congestion,0.9654436860304042,mobile,1.0,2026-04-16 22:00:00
user_6571,2026-04-16 22:03:08.076138,Av. Vallarta,20.645729,-103.405488,48.938419935028875,congestion,0.7111922610921529,web,1.2,2026-04-16 22:00:00
user_8094,2026-04-03 22:03:08.076404,Av. López Mateos,20.670194,-103.374262,46.663342183316516,incident,0.5695579244455438,mobile,1.0,2026-04-03 22:00:00
user_1522,2026-04-16 22:03:08.076544,Av. Vallarta,20.645192,-103.404932,46.32986386442156,incident,0.634484015797693,web,1.2,2026-04-16 22:00:00
user_6621,2026-04-23 22:03:08.076619,Av. Vallarta,20.645197,-103.405438,47.09665454649353,normal,0.69256005995125,web,1.0,2026-04-23 22:00:00
user_9418,2026-04-14 22:03:08.076694,Av. Vallarta,20.643559,-103.405209,37.37789703529034,congestion,0.5930115000028329,mobile,1.0,2026-04-14 22:00:00
user_4237,2026-04-19 22:03:08.076778,Av. Gigantes,20.657852,-103.415397,52.23786073242887,roadwork,0.8652481804793951,web,1.0,2026-04-19 22:00:00
user_4976,2026-04-26 22:03:08.076871,Av. Gigantes,20.658971,-103.413398,50.64614289146275,incident,0.8685482752160256,web,1.0,2026-04-26 22:00:00
user_1234,2026-04-24 22:03:08.076948,Av. Gigantes,20.657098,-103.415901,54.57587888412574,roadwork,0.8334333302754608,mobile,1.1,2026-04-24 22:00:00
user_4748,2026-04-18 22:03:08.077041,Av. México,20.651074,-103.394899,47.64730965543938,roadwork,0.7464322922237233,mobile,1.1,2026-04-18 22:00:00
user_9931,2026-03-30 22:03:08.077142,Av. Chapultepec,20.659582,-103.385755,51.65420884023268,incident,0.7595161400647743,web,1.0,2026-03-30 22:00:00
user_3745,2026-04-11 22:03:08.077225,Av. Gigantes,20.656304,-103.415329,48.47472023225974,incident,0.885079105878548,web,1.0,2026-04-11 22:00:00
user_9224,2026-04-07 22:03:08.077313,Av. México,20.653098,-103.395261,25.683368320526434,roadwork,0.7589802638562895,web,1.0,2026-04-07 22:00:00
user_5402,2026-04-13 22:03:08.077396,Av. Gigantes,20.658165,-103.414949,55.05329845916008,normal,0.6035474590882857,mobile,1.2,2026-04-13 22:00:00
user_4276,2026-03-31 22:03:08.077486,Av. López Mateos,20.670677,-103.375743,33.044957946267274,roadwork,0.5298582444854447,web,1.1,2026-03-31 22:00:00
user_1277,2026-03-31 22:03:08.077702,Av. Gigantes,20.658537,-103.414948,26.097528522411295,normal,0.8098672857165445,mobile,1.1,2026-03-31 22:00:00
user_9652,2026-04-17 22:03:08.077754,Av. Chapultepec,20.658884,-103.385107,66.19492133440245,congestion,0.7636325904576282,web,1.2,2026-04-17 22:00:00
user_7707,2026-04-13 22:03:08.077799,Av. Gigantes,20.659123,-103.414482,63.647751558215376,congestion,0.9450705686980073,mobile,1.1,2026-04-13 22:00:00
user_6939,2026-04-08 22:03:08.077843,Av. México,20.651101,-103.39455,47.97727979007798,congestion,0.7238367127052092,web,1.0,2026-04-08 22:00:00
user_6241,2026-03-30 22:03:08.077887,Av. México,20.653036,-103.395786,37.05093345806266,incident,0.9643301435074414,web,1.1,2026-03-30 22:00:00
user_6085,2026-04-25 22:03:08.077931,Av. México,20.652225,-103.39517,25.288990371989403,incident,0.7227708193709454,web,1.0,2026-04-25 22:00:00
user_5958,2026-04-17 22:03:08.077977,Av. Vallarta,20.644161,-103.404597,45.7194216897232,roadwork,0.7294817396886493,web,1.2,2026-04-17 22:00:00
user_9711,2026-04-05 22:03:08.078021,Av. México,20.652332,-103.394574,45.28721666123628,congestion,0.927110953170434,web,1.2,2026-04-05 22:00:00
user_6973,2026-04-08 22:03:08.078066,Av. Chapultepec,20.660986,-103.385721,49.590215970268446,congestion,0.5045192345396461,mobile,1.1,2026-04-08 22:00:00
user_6722,2026-04-12 22:03:08.078110,Av. Vallarta,20.646055,-103.40494,25.150934653423423,incident,0.7143510104932168,mobile,1.0,2026-04-12 22:00:00
user_4824,2026-04-21 22:03:08.078153,Av. Vallarta,20.648496,-103.406463,34.03389247423408,incident,0.9592132160727043,mobile,1.2,2026-04-21 22:00:00
user_9307,2026-04-15 22:03:08.078197,Av. Vallarta,20.645242,-103.404217,23.403386803348734,congestion,0.7820370144167589,mobile,1.1,2026-04-15 22:00:00
user_6520,2026-04-27 22:03:08.078242,Av. Gigantes,20.657196,-103.414254,51.62132249236388,congestion,0.9752295852876478,mobile,1.2,2026-04-27 22:00:00
user_2132,2026-04-09 22:03:08.078287,Av. Vallarta,20.644135,-103.406824,33.57531140792947,normal,0.7150514382649,mobile,1.2,2026-04-09 22:00:00
user_9275,2026-04-24 22:03:08.078330,Av. México,20.651811,-103.394078,23.232364649226618,congestion,0.6276545382519658,web,1.2,2026-04-24 22:00:00
user_1270,2026-04-02 22:03:08.078374,Av. Gigantes,20.657988,-103.416381,65.77723387818486,roadwork,0.7534602189809173,mobile,1.2,2026-04-02 22:00:00
user_4607,2026-04-26 22:03:08.078417,Av. Vallarta,20.644521,-103.404042,60.87756450676767,incident,0.9379415417585285,mobile,1.0,2026-04-26 22:00:00
user_5276,2026-03-29 22:03:08.078460,Av. Gigantes,20.65752,-103.415504,43.77715990347531,incident,0.7660108394921259,mobile,1.0,2026-03-29 22:00:00
user_7534,2026-04-18 22:03:08.078505,Av. Gigantes,20.657324,-103.414966,59.92472503188531,incident,0.8646723970439982,web,1.1,2026-04-18 22:00:00
user_7028,2026-04-23 22:03:08.078548,Av. Vallarta,20.644837,-103.403783,57.30833128509559,roadwork,0.804815505828451,web,1.1,2026-04-23 22:00:00
user_8352,2026-04-14 22:03:08.078591,Av. López Mateos,20.670864,-103.37442,56.75085763923893,incident,0.7028755843075305,web,1.1,2026-04-14 22:00:00
user_4273,2026-04-12 22:03:08.078636,Av. López Mateos,20.669748,-103.376172,47.130231183828485,normal,0.5836606520005302,mobile,1.1,2026-04-12 22:00:00
user_3832,2026-04-06 22:03:08.078679,Av. Chapultepec,20.660275,-103.386895,21.173031893736628,congestion,0.5649706861339706,mobile,1.1,2026-04-06 22:00:00
user_2104,2026-04-24 22:03:08.078732,Av. Chapultepec,20.660293,-103.383504,91.64877834008041,congestion,0.7244068228733029,web,1.2,2026-04-24 22:00:00
user_1166,2026-04-02 22:03:08.078777,Av. Vallarta,20.644726,-103.40478,38.7333030385233,incident,0.9035354519333515,mobile,1.0,2026-04-02 22:00:00
user_2538,2026-04-07 22:03:08.078822,Av. López Mateos,20.670942,-103.374358,28.292203505983,congestion,0.8505849307951299,web,1.2,2026-04-07 22:00:00
user_4171,2026-04-25 22:03:08.078866,Av. López Mateos,20.669994,-103.374331,55.43306636348666,incident,0.508030932490503,mobile,1.2,2026-04-25 22:00:00
user_7871,2026-04-05 22:03:08.078911,Av. México,20.652849,-103.393925,50.44679012507036,roadwork,0.7505439401310985,web,1.0,2026-04-05 22:00:00
user_1999,2026-04-22 22:03:08.078955,Av. Chapultepec,20.661319,-103.38546,52.38028271989199,roadwork,0.9762335583439234,web,1.2,2026-04-22 22:00:00
user_4093,2026-04-04 22:03:08.078998,Av. Vallarta,20.644474,-103.406117,29.818576713036343,roadwork,0.750757730739867,web,1.2,2026-04-04 22:00:00
user_8291,2026-04-20 22:03:08.079042,Av. Vallarta,20.643655,-103.404318,26.596866982293157,normal,0.8106462245248051,mobile,1.0,2026-04-20 22:00:00
user_4104,2026-04-04 22:03:08.079106,Av. Chapultepec,20.659065,-103.385235,59.22182158650967,incident,0.5419597679107147,mobile,1.2,2026-04-04 22:00:00
user_4765,2026-04-08 22:03:08.079305,Av. López Mateos,20.670165,-103.375041,36.61507908177003,roadwork,0.70916693205114,web,1.0,2026-04-08 22:00:00
user_5456,2026-04-18 22:03:08.079386,Av. Gigantes,20.65834,-103.415964,30.642736276574357,congestion,0.505740329874689,web,1.0,2026-04-18 22:00:00
user_4802,2026-04-23 22:03:08.079455,Av. México,20.65177,-103.395924,33.04285913390149,roadwork,0.6026664693533998,mobile,1.2,2026-04-23 22:00:00
user_9345,2026-04-06 22:03:08.079523,Av. México,20.652037,-103.394052,25.710678394277608,roadwork,0.797679830629302,mobile,1.0,2026-04-06 22:00:00
user_4554,2026-04-16 22:03:08.079600,Av. Gigantes,20.657453,-103.415272,25.506281446086035,incident,0.8518961554952538,web,1.2,2026-04-16 22:00:00
user_5195,2026-04-12 22:03:08.079671,Av. Vallarta,20.64583,-103.40381,60.20513610815795,roadwork,0.7988341413513516,mobile,1.0,2026-04-12 22:00:00
user_9801,2026-04-06 22:03:08.079754,Av. Vallarta,20.644785,-103.404723,37.44868420009754,congestion,0.5076974458456542,web,1.2,2026-04-06 22:00:00
user_3093,2026-04-18 22:03:08.079840,Av. Chapultepec,20.659358,-103.384799,46.00472711728099,incident,0.8697041149156559,web,1.1,2026-04-18 22:00:00
user_4490,2026-04-10 22:03:08.079910,Av. Chapultepec,20.6612,-103.385514,50.25512668842595,normal,0.7172016595033048,mobile,1.2,2026-04-10 22:00:00
user_9560,2026-04-10 22:03:08.079962,Av. México,20.652298,-103.393035,53.09670388487935,congestion,0.9387350233272409,web,1.2,2026-04-10 22:00:00
user_5897,2026-04-12 22:03:08.080019,Av. Chapultepec,20.658801,-103.386371,43.99232564925967,roadwork,0.6076721906912763,mobile,1.2,2026-04-12 22:00:00
user_5370,2026-04-10 22:03:08.080067,Av. México,20.651284,-103.396478,28.02879583104587,normal,0.9663552540663807,mobile,1.1,2026-04-10 22:00:00
user_1602,2026-04-04 22:03:08.080118,Av. Vallarta,20.646417,-103.404319,33.550708437321276,incident,0.7137478251783795,mobile,1.1,2026-04-04 22:00:00
user_3912,2026-03-31 22:03:08.080167,Av. Vallarta,20.645038,-103.406718,49.27302965235626,incident,0.929911917695638,web,1.2,2026-03-31 22:00:00
user_6307,2026-04-01 22:03:08.080215,Av. López Mateos,20.670999,-103.375237,44.96750320158171,incident,0.8246611622884408,mobile,1.2,2026-04-01 22:00:00
user_8352,2026-04-17 22:03:08.080282,Av. Gigantes,20.659272,-103.414997,4.472472987758387,congestion,0.6505230389171566,web,1.2,2026-04-17 22:00:00
user_4278,2026-03-31 22:03:08.080331,Av. López Mateos,20.669527,-103.375031,59.683860102981356,incident,0.827586857262169,mobile,1.1,2026-03-31 22:00:00
user_3668,2026-04-21 22:03:08.080380,Av. López Mateos,20.668993,-103.374457,29.41710315319679,roadwork,0.842567154937242,mobile,1.0,2026-04-21 22:00:00
user_5841,2026-04-04 22:03:08.080435,Av. Chapultepec,20.658415,-103.386325,12.827959461746431,roadwork,0.5383179032376244,web,1.0,2026-04-04 22:00:00
user_7121,2026-04-23 22:03:08.080486,Av. López Mateos,20.670533,-103.374451,41.175663096694535,congestion,0.7528170767109794,mobile,1.0,2026-04-23 22:00:00
user_3594,2026-04-09 22:03:08.080594,Av. Chapultepec,20.65927,-103.386351,49.62391260843738,congestion,0.8384703914984186,mobile,1.2,2026-04-09 22:00:00
user_2700,2026-04-19 22:03:08.080696,Av. Vallarta,20.642843,-103.405213,44.43939210302081,roadwork,0.5896266278696404,web,1.2,2026-04-19 22:00:00
user_5757,2026-04-10 22:03:08.080763,Av. López Mateos,20.670976,-103.374082,14.080118160882872,incident,0.5828740884826104,web,1.2,2026-04-10 22:00:00
user_8178,2026-04-24 22:03:08.080816,Av. México,20.652551,-103.39578,40.68160490338058,incident,0.5834655354087508,mobile,1.1,2026-04-24 22:00:00
user_8751,2026-04-04 22:03:08.080872,Av. Vallarta,20.646199,-103.40579,44.41493699072019,congestion,0.7144721667150722,mobile,1.2,2026-04-04 22:00:00
user_6618,2026-03-30 22:03:08.080922,Av. México,20.652222,-103.39351,37.233699824321,congestion,0.9352634831346921,web,1.0,2026-03-30 22:00:00
user_5390,2026-03-30 22:03:08.080970,Av. López Mateos,20.669958,-103.373069,51.50234576172784,roadwork,0.5571428849989897,web,1.0,2026-03-30 22:00:00
user_1192,2026-04-07 22:03:08.081016,Av. Vallarta,20.644194,-103.404962,23.271128780496838,congestion,0.8056683011083234,mobile,1.0,2026-04-07 22:00:00
user_4893,2026-04-07 22:03:08.081062,Av. Vallarta,20.647621,-103.406112,49.20954606735204,congestion,0.7325276241503222,web,1.0,2026-04-07 22:00:00
user_1717,2026-04-21 22:03:08.081106,Av. Vallarta,20.646759,-103.405388,34.897897160238145,congestion,0.5917210982017173,web,1.0,2026-04-21 22:00:00
user_5637,2026-04-14 22:03:08.081152,Av. López Mateos,20.669674,-103.37501,31.544303540321174,normal,0.9386752265664193,web,1.2,2026-04-14 22:00:00
user_5780,2026-04-08 22:03:08.081201,Av. Chapultepec,20.658827,-103.384836,51.954998575213224,incident,0.6877344642332501,mobile,1.1,2026-04-08 22:00:00
user_9397,2026-04-06 22:03:08.081247,Av. Gigantes,20.656922,-103.415689,35.63481915430164,incident,0.6872401999840085,web,1.2,2026-04-06 22:00:00
user_4306,2026-03-29 22:03:08.081293,Av. México,20.651815,-103.394419,41.95145881039841,incident,0.8308421441999283,mobile,1.0,2026-03-29 22:00:00
user_6167,2026-04-04 22:03:08.081338,Av. Gigantes,20.657237,-103.414751,65.94895337371895,congestion,0.6751014955453651,web,1.1,2026-04-04 22:00:00
user_4612,2026-04-16 22:03:08.081384,Av. Gigantes,20.658415,-103.41459,32.08368134739644,roadwork,0.5849405030253676,mobile,1.2,2026-04-16 22:00:00
user_1990,2026-04-12 22:03:08.081430,Av. Gigantes,20.656901,-103.415352,70.49936061864571,normal,0.9262924774691714,mobile,1.1,2026-04-12 22:00:00
user_1053,2026-04-17 22:03:08.081476,Av. México,20.653072,-103.395749,19.49685386223515,normal,0.6011270902622674,mobile,1.0,2026-04-17 22:00:00
user_9841,2026-04-16 22:03:08.081521,Av. López Mateos,20.669629,-103.376406,24.414380995508914,congestion,0.7923340450829124,web,1.2,2026-04-16 22:00:00
user_1383,2026-04-11 22:03:08.081566,Av. México,20.652031,-103.394434,44.0890288442176,incident,0.8461794612305291,mobile,1.2,2026-04-11 22:00:00
user_7111,2026-04-15 22:03:08.081612,Av. Vallarta,20.643578,-103.403895,53.958423273800776,congestion,0.8273545376781495,mobile,1.1,2026-04-15 22:00:00
user_8647,2026-04-24 22:03:08.081662,Av. México,20.651052,-103.393955,53.05767641438641,roadwork,0.9916528284092336,web,1.1,2026-04-24 22:00:00
user_9960,2026-04-20 22:03:08.081721,Av. López Mateos,20.669359,-103.374545,19.500604189754682,congestion,0.9395928863006238,mobile,1.2,2026-04-20 22:00:00
user_3103,2026-04-12 22:03:08.081769,Av. López Mateos,20.669741,-103.37402,50.33834066331479,incident,0.944059094467018,web,1.2,2026-04-12 22:00:00
user_3378,2026-04-10 22:03:08.081815,Av. López Mateos,20.671897,-103.375723,53.8797702768683,incident,0.5474589684108349,web,1.2,2026-04-10 22:00:00
user_2474,2026-04-18 22:03:08.081860,Av. López Mateos,20.670895,-103.374243,54.187031910204034,congestion,0.7329128766115623,mobile,1.2,2026-04-18 22:00:00
user_3964,2026-04-17 22:03:08.081904,Av. López Mateos,20.670172,-103.375068,50.00789949852802,roadwork,0.540111123227857,mobile,1.2,2026-04-17 22:00:00
user_4839,2026-04-05 22:03:08.081948,Av. México,20.653431,-103.396032,61.700407589159084,roadwork,0.5026730804271822,mobile,1.0,2026-04-05 22:00:00
user_6660,2026-04-24 22:03:08.081992,Av. López Mateos,20.668348,-103.376475,39.72878646429401,incident,0.5692177466646972,mobile,1.2,2026-04-24 22:00:00
user_4262,2026-04-23 22:03:08.082039,Av. Vallarta,20.646563,-103.405206,53.40722098207403,roadwork,0.7346426136628952,mobile,1.1,2026-04-23 22:00:00
user_5383,2026-04-22 22:03:08.082083,Av. Gigantes,20.657879,-103.413875,74.31236150625429,roadwork,0.9318207106483081,web,1.2,2026-04-22 22:00:00
user_1570,2026-04-19 22:03:08.082129,Av. Vallarta,20.644494,-103.404999,25.8484057180337,roadwork,0.9871238270723781,web,1.1,2026-04-19 22:00:00
user_2678,2026-04-27 22:03:08.082173,Av. Vallarta,20.64575,-103.404401,25.18764339181564,incident,0.5848642142884616,web,1.1,2026-04-27 22:00:00
user_2319,2026-04-16 22:03:08.082217,Av. Chapultepec,20.661736,-103.383946,57.80963964828335,incident,0.842850271466822,web,1.2,2026-04-16 22:00:00
user_2857,2026-04-15 22:03:08.082262,Av. Gigantes,20.65547,-103.415297,20.179075853850037,normal,0.5392789154618636,mobile,1.2,2026-04-15 22:00:00
user_5735,2026-03-29 22:03:08.082312,Av. Gigantes,20.658539,-103.415074,38.22510785760566,normal,0.9404865028198287,web,1.1,2026-03-29 22:00:00
user_6047,2026-04-13 22:03:08.082357,Av. Vallarta,20.645429,-103.405341,54.442943763327165,normal,0.9422916464605939,mobile,1.2,2026-04-13 22:00:00
user_2230,2026-04-20 22:03:08.082407,Av. Vallarta,20.644196,-103.404711,46.12164401882953,roadwork,0.887955766403653,web,1.2,2026-04-20 22:00:00
user_2094,2026-04-10 22:03:08.082453,Av. López Mateos,20.669794,-103.375747,35.10596597221151,normal,0.5276112603715142,web,1.1,2026-04-10 22:00:00
user_9775,2026-04-23 22:03:08.082498,Av. Gigantes,20.657295,-103.413768,6.939171058951736,normal,0.5043530735312718,mobile,1.2,2026-04-23 22:00:00
user_8587,2026-04-21 22:03:08.082543,Av. López Mateos,20.669513,-103.375352,38.15818758788718,congestion,0.5850577086546407,web,1.2,2026-04-21 22:00:00
user_8542,2026-04-04 22:03:08.082587,Av. México,20.652181,-103.394119,39.29637666104695,roadwork,0.7817041822419271,web,1.1,2026-04-04 22:00:00
user_8522,2026-04-14 22:03:08.082631,Av. López Mateos,20.671512,-103.375116,42.58893838032204,roadwork,0.6532317340214102,mobile,1.2,2026-04-14 22:00:00
user_6208,2026-04-06 22:03:08.082676,Av. México,20.653036,-103.395864,24.24819722897016,normal,0.7736187602103215,web,1.0,2026-04-06 22:00:00
user_8692,2026-04-21 22:03:08.082724,Av. México,20.652394,-103.396928,27.23459741531966,incident,0.7354336781115884,mobile,1.2,2026-04-21 22:00:00
user_1226,2026-04-21 22:03:08.082771,Av. Gigantes,20.657501,-103.413753,44.069939859509525,normal,0.7034024004758618,mobile,1.2,2026-04-21 22:00:00
user_2932,2026-04-20 22:03:08.082816,Av. Gigantes,20.658434,-103.417627,70.93672152104301,normal,0.7448122310251224,mobile,1.1,2026-04-20 22:00:00
user_7263,2026-04-22 22:03:08.082861,Av. Gigantes,20.658074,-103.415878,59.429349293330674,normal,0.5826511430689807,mobile,1.2,2026-04-22 22:00:00
user_7855,2026-03-30 22:03:08.082913,Av. López Mateos,20.670847,-103.375196,14.342605576168243,incident,0.6872741216897906,mobile,1.1,2026-03-30 22:00:00
user_6918,2026-04-01 22:03:08.082957,Av. Vallarta,20.645932,-103.405305,56.08373206565525,congestion,0.8979631935717511,web,1.0,2026-04-01 22:00:00
user_4558,2026-04-08 22:03:08.083004,Av. Chapultepec,20.659635,-103.387168,67.40907299697517,congestion,0.9353345170627588,web,1.0,2026-04-08 22:00:00
user_4968,2026-04-24 22:03:08.083051,Av. Gigantes,20.658528,-103.416319,35.88077329072223,roadwork,0.5997526574648042,web,1.1,2026-04-24 22:00:00
user_5876,2026-04-13 22:03:08.083096,Av. México,20.652701,-103.394818,11.42653150012542,congestion,0.8512441707942344,mobile,1.1,2026-04-13 22:00:00
user_7751,2026-04-15 22:03:08.083161,Av. México,20.649879,-103.393113,46.79253781897023,incident,0.6989328515087136,web,1.1,2026-04-15 22:00:00
user_7992,2026-04-12 22:03:08.083207,Av. López Mateos,20.671131,-103.37425,81.150729741107,congestion,0.7341650929669068,web,1.2,2026-04-12 22:00:00
user_4072,2026-04-06 22:03:08.083252,Av. López Mateos,20.670221,-103.377084,70.87044974641663,normal,0.5124858310585247,web,1.0,2026-04-06 22:00:00
user_9263,2026-04-03 22:03:08.083746,Av. Gigantes,20.65743,-103.41467,48.37273224068458,roadwork,0.9007228881114768,web,1.2,2026-04-03 22:00:00
user_9924,2026-04-27 22:03:08.083870,Av. Vallarta,20.645485,-103.403088,57.962313202063285,congestion,0.7828907774204982,mobile,1.1,2026-04-27 22:00:00
user_5917,2026-04-09 22:03:08.083954,Av. México,20.653122,-103.395818,41.298740068516864,roadwork,0.6725418727566168,mobile,1.0,2026-04-09 22:00:00
user_2051,2026-04-22 22:03:08.084023,Av. Vallarta,20.644531,-103.403792,70.54240509013917,incident,0.8098079634724611,mobile,1.2,2026-04-22 22:00:00
user_3105,2026-04-17 22:03:08.084069,Av. Gigantes,20.657111,-103.414045,74.14002186242256,congestion,0.8531230812776311,mobile,1.1,2026-04-17 22:00:00
user_5891,2026-04-20 22:03:08.084146,Av. Vallarta,20.644516,-103.406088,25.809442562207323,congestion,0.5444948574281734,web,1.0,2026-04-20 22:00:00
user_5005,2026-04-24 22:03:08.084207,Av. Gigantes,20.657532,-103.416155,49.86085542332341,normal,0.6707126348021492,mobile,1.0,2026-04-24 22:00:00
user_9002,2026-04-09 22:03:08.084281,Av. México,20.650852,-103.396314,57.80712843463603,normal,0.9087039236530547,web,1.2,2026-04-09 22:00:00
user_3398,2026-04-26 22:03:08.084337,Av. Chapultepec,20.658551,-103.383753,64.06607474511392,normal,0.6569390382575137,mobile,1.0,2026-04-26 22:00:00
user_6552,2026-04-07 22:03:08.084388,Av. Chapultepec,20.658793,-103.385352,46.1548262958734,normal,0.5599455467363561,web,1.0,2026-04-07 22:00:00
user_1249,2026-04-02 22:03:08.084454,Av. Chapultepec,20.659848,-103.386232,51.22597642403976,congestion,0.5822027645394394,mobile,1.1,2026-04-02 22:00:00
user_9662,2026-04-16 22:03:08.084535,Av. López Mateos,20.669356,-103.375411,43.035761667232904,normal,0.7907085527910103,mobile,1.2,2026-04-16 22:00:00
user_2008,2026-04-08 22:03:08.084665,Av. Vallarta,20.646393,-103.407049,42.28823454156763,normal,0.5522272590500756,mobile,1.0,2026-04-08 22:00:00
user_3866,2026-03-31 22:03:08.084752,Av. López Mateos,20.669693,-103.373484,54.03177480588725,incident,0.9317328651707317,web,1.2,2026-03-31 22:00:00
user_8036,2026-03-30 22:03:08.084809,Av. México,20.652678,-103.394209,16.382886631839135,roadwork,0.5578506590901511,mobile,1.0,2026-03-30 22:00:00
user_7837,2026-04-18 22:03:08.084883,Av. López Mateos,20.66914,-103.376416,54.797896658704644,incident,0.9117761133059095,mobile,1.1,2026-04-18 22:00:00
user_6904,2026-04-13 22:03:08.084951,Av. Vallarta,20.643713,-103.406397,28.829067750544286,congestion,0.917295476297636,web,1.1,2026-04-13 22:00:00
user_1071,2026-04-13 22:03:08.084999,Av. López Mateos,20.669363,-103.375451,53.27611199866381,congestion,0.788236218778877,mobile,1.2,2026-04-13 22:00:00
user_8984,2026-04-25 22:03:08.085106,Av. López Mateos,20.66813,-103.375389,72.55011946289108,roadwork,0.7377980959110042,web,1.1,2026-04-25 22:00:00
user_6368,2026-04-11 22:03:08.085155,Av. Vallarta,20.643569,-103.404839,45.799611308981405,incident,0.9224311637448164,mobile,1.2,2026-04-11 22:00:00
user_2635,2026-04-08 22:03:08.085200,Av. Vallarta,20.646032,-103.403654,51.14175782888435,normal,0.9073355023549946,mobile,1.0,2026-04-08 22:00:00
user_2956,2026-04-22 22:03:08.085243,Av. Chapultepec,20.659669,-103.383904,39.64892155111458,normal,0.6084781229319398,web,1.2,2026-04-22 22:00:00
user_1757,2026-04-26 22:03:08.085286,Av. Gigantes,20.658099,-103.416517,31.84604323824518,incident,0.9430908860646725,web,1.2,2026-04-26 22:00:00
user_9849,2026-03-29 22:03:08.085344,Av. México,20.650885,-103.39615,30.241006753349133,incident,0.8387190356141472,mobile,1.2,2026-03-29 22:00:00
user_9644,2026-04-05 22:03:08.085388,Av. Gigantes,20.658948,-103.415135,39.04882531508439,congestion,0.9575303662586112,web,1.1,2026-04-05 22:00:00
user_2764,2026-04-19 22:03:08.085433,Av. México,20.651734,-103.394694,20.81007362939659,incident,0.7865211003095078,web,1.2,2026-04-19 22:00:00
user_6054,2026-04-24 22:03:08.085478,Av. Vallarta,20.645538,-103.404169,67.61450338370526,congestion,0.9285958285297944,web,1.1,2026-04-24 22:00:00
user_3806,2026-04-12 22:03:08.085543,Av. Vallarta,20.644308,-103.40513,53.69785927942698,roadwork,0.7272015772399765,web,1.2,2026-04-12 22:00:00
user_2814,2026-04-27 22:03:08.085586,Av. Chapultepec,20.661149,-103.384429,43.42930112061993,roadwork,0.7085967092822882,web,1.1,2026-04-27 22:00:00
user_1717,2026-04-18 22:03:08.085639,Av. López Mateos,20.667297,-103.376749,74.71621340893826,incident,0.5420638311296915,web,1.1,2026-04-18 22:00:00
user_2620,2026-04-17 22:03:08.085684,Av. Chapultepec,20.658921,-103.385725,39.395068826037445,normal,0.6388595436754219,mobile,1.1,2026-04-17 22:00:00
user_9378,2026-04-07 22:03:08.085727,Av. México,20.651493,-103.396909,64.77453487279004,incident,0.9733780175868516,mobile,1.2,2026-04-07 22:00:00
user_6877,2026-04-21 22:03:08.085827,Av. México,20.650269,-103.393505,18.99260468274498,roadwork,0.7830358232240826,web,1.2,2026-04-21 22:00:00
user_1464,2026-04-11 22:03:08.085873,Av. Gigantes,20.658341,-103.41379,40.96475180377766,normal,0.6296942003715982,web,1.0,2026-04-11 22:00:00
user_7543,2026-03-30 22:03:08.085939,Av. México,20.651889,-103.395897,63.19459093839282,normal,0.7462676903571446,mobile,1.0,2026-03-30 22:00:00
user_8954,2026-04-08 22:03:08.085994,Av. Vallarta,20.643748,-103.403063,42.659403499602234,congestion,0.7859979391417964,web,1.0,2026-04-08 22:00:00
user_5933,2026-04-03 22:03:08.086039,Av. Vallarta,20.6451,-103.404134,29.331386702149267,normal,0.8398486084166726,mobile,1.1,2026-04-03 22:00:00
user_2909,2026-04-26 22:03:08.086084,Av. Gigantes,20.656263,-103.416776,58.91111237683208,congestion,0.6724088038730849,web,1.2,2026-04-26 22:00:00
user_9339,2026-04-13 22:03:08.086128,Av. Gigantes,20.658862,-103.414659,59.676331680420525,incident,0.5226473218065387,mobile,1.1,2026-04-13 22:00:00
user_6929,2026-03-30 22:03:08.086174,Av. Vallarta,20.645522,-103.403599,27.874922673909143,congestion,0.5781007539652996,mobile,1.2,2026-03-30 22:00:00
user_6308,2026-04-03 22:03:08.086297,Av. México,20.652605,-103.393885,39.49758501139383,incident,0.713743227045134,web,1.0,2026-04-03 22:00:00
user_1886,2026-04-17 22:03:08.086348,Av. López Mateos,20.671498,-103.37667,37.02507149520498,congestion,0.8897583507120317,web,1.2,2026-04-17 22:00:00
user_2371,2026-04-17 22:03:08.086394,Av. México,20.651804,-103.396663,53.288510859855165,congestion,0.8826816819290204,web,1.1,2026-04-17 22:00:00
user_3842,2026-04-18 22:03:08.086438,Av. Gigantes,20.656892,-103.415453,58.420852719707064,congestion,0.971964141738229,mobile,1.1,2026-04-18 22:00:00
user_2015,2026-04-27 22:03:08.086482,Av. Gigantes,20.658684,-103.415055,32.87672386820046,congestion,0.8252126244119322,mobile,1.1,2026-04-27 22:00:00
user_7155,2026-04-02 22:03:08.086528,Av. Chapultepec,20.66021,-103.386347,63.74428357945,normal,0.5631932112028335,web,1.0,2026-04-02 22:00:00
user_8206,2026-04-08 22:03:08.086573,Av. México,20.651814,-103.395322,28.937213719733418,normal,0.8621272637495666,web,1.2,2026-04-08 22:00:00
user_9718,2026-03-30 22:03:08.086617,Av. México,20.653911,-103.394781,46.1571717882469,normal,0.7960084213945314,web,1.0,2026-03-30 22:00:00
user_5427,2026-04-02 22:03:08.086660,Av. López Mateos,20.668331,-103.373941,46.99660353695944,congestion,0.6466767107205049,web,1.2,2026-04-02 22:00:00
user_8697,2026-04-27 22:03:08.086703,Av. López Mateos,20.669868,-103.374889,47.28652150311279,incident,0.647912048748268,web,1.0,2026-04-27 22:00:00
user_3014,2026-04-21 22:03:08.086746,Av. Vallarta,20.644198,-103.405375,46.29638128179287,congestion,0.8325279945033155,web,1.0,2026-04-21 22:00:00
user_1609,2026-04-16 22:03:08.086790,Av. Gigantes,20.657786,-103.415074,56.94863261293502,congestion,0.5517170574302417,web,1.2,2026-04-16 22:00:00
user_8454,2026-04-07 22:03:08.086833,Av. Vallarta,20.645636,-103.405327,53.759324923172,incident,0.5064487348947627,mobile,1.0,2026-04-07 22:00:00
user_2985,2026-04-06 22:03:08.086876,Av. Vallarta,20.643096,-103.403668,48.39887987239216,congestion,0.9944177656945823,mobile,1.0,2026-04-06 22:00:00
user_5078,2026-04-17 22:03:08.086922,Av. Chapultepec,20.658872,-103.385788,44.01728236411902,incident,0.9368092643686077,mobile,1.1,2026-04-17 22:00:00
user_9320,2026-04-13 22:03:08.086965,Av. Vallarta,20.645328,-103.405562,60.21968079659118,congestion,0.74451788765381,web,1.1,2026-04-13 22:00:00
user_6594,2026-03-31 22:03:08.087010,Av. López Mateos,20.669014,-103.373581,47.84345784651946,normal,0.8767360553297984,web,1.2,2026-03-31 22:00:00
user_7331,2026-04-15 22:03:08.087054,Av. Vallarta,20.644007,-103.404255,66.59168572729703,congestion,0.6422706928384669,web,1.2,2026-04-15 22:00:00
user_3035,2026-04-20 22:03:08.087097,Av. López Mateos,20.669365,-103.374296,63.58519488023947,roadwork,0.7392455350535946,mobile,1.0,2026-04-20 22:00:00
user_7578,2026-04-12 22:03:08.087142,Av. Gigantes,20.660684,-103.414327,63.03358170623511,normal,0.7370821481359933,mobile,1.1,2026-04-12 22:00:00
user_3657,2026-04-22 22:03:08.087185,Av. Vallarta,20.646104,-103.404525,74.56296406076699,incident,0.7992975537023355,mobile,1.1,2026-04-22 22:00:00
user_1262,2026-04-04 22:03:08.087229,Av. Gigantes,20.657981,-103.41341,53.611068313410016,roadwork,0.9538677165887564,web,1.0,2026-04-04 22:00:00
user_2652,2026-04-17 22:03:08.087272,Av. Gigantes,20.658503,-103.413204,70.90955887592936,normal,0.5284406988888233,mobile,1.0,2026-04-17 22:00:00
user_9557,2026-04-11 22:03:08.087316,Av. Chapultepec,20.659721,-103.385404,50.246965908804334,incident,0.7061398639158327,web,1.0,2026-04-11 22:00:00
user_9504,2026-04-13 22:03:08.087366,Av. López Mateos,20.670218,-103.375979,36.09282887896942,roadwork,0.5383614134264426,web,1.1,2026-04-13 22:00:00
user_5780,2026-03-30 22:03:08.087411,Av. Vallarta,20.644834,-103.407065,34.71002937420868,roadwork,0.726043298405683,mobile,1.2,2026-03-30 22:00:00
user_9435,2026-04-06 22:03:08.087454,Av. México,20.653513,-103.393518,30.43352727623528,congestion,0.9702519764397013,web,1.0,2026-04-06 22:00:00
user_1390,2026-04-03 22:03:08.087497,Av. México,20.649757,-103.39552,37.61894893577031,normal,0.7908683237105933,web,1.2,2026-04-03 22:00:00
user_2539,2026-03-31 22:03:08.087540,Av. Gigantes,20.657161,-103.415504,32.394126956918385,incident,0.6074582656933596,mobile,1.1,2026-03-31 22:00:00
user_1919,2026-03-30 22:03:08.087584,Av. México,20.652676,-103.394787,60.40479394979599,roadwork,0.6477339623133797,web,1.2,2026-03-30 22:00:00
user_6275,2026-04-10 22:03:08.087630,Av. Vallarta,20.645862,-103.404861,33.438944104487064,roadwork,0.9349689164488445,mobile,1.0,2026-04-10 22:00:00
user_4715,2026-04-12 22:03:08.087674,Av. Chapultepec,20.65906,-103.387491,48.9077613278063,incident,0.5400933784060566,mobile,1.1,2026-04-12 22:00:00
user_1692,2026-04-02 22:03:08.087717,Av. Gigantes,20.657769,-103.414315,53.93681702399039,roadwork,0.937566809310576,mobile,1.1,2026-04-02 22:00:00
user_3645,2026-04-04 22:03:08.087760,Av. López Mateos,20.668983,-103.373458,21.308775157604096,roadwork,0.758141649598837,mobile,1.1,2026-04-04 22:00:00
user_9346,2026-03-29 22:03:08.087803,Av. López Mateos,20.670399,-103.375489,57.61258139049985,normal,0.9071933896343807,mobile,1.2,2026-03-29 22:00:00
user_1171,2026-04-07 22:03:08.087847,Av. López Mateos,20.669644,-103.373008,32.51908042725215,incident,0.5635481201092196,mobile,1.2,2026-04-07 22:00:00
user_5675,2026-04-27 22:03:08.087890,Av. México,20.650707,-103.395532,35.394034814120914,incident,0.8998916822228917,web,1.1,2026-04-27 22:00:00
user_6882,2026-04-05 22:03:08.087934,Av. Gigantes,20.657183,-103.415057,56.00467720021944,normal,0.9331462179910907,mobile,1.2,2026-04-05 22:00:00
